CUI1,AUI1,STYPE1,REL,CUI2,AUI2,STYPE2,RELA,RUI,SRUI,SAB,SL,RG,DIR,SUPPRESS,CVF
C0004096,NULL,CUI,RB,C0035228,NULL,CUI,NULL,R02657996,NULL,MTH,MTH,NULL,NULL,N,NULL
C0004096,NULL,CUI,RB,C0024117,NULL,CUI,NULL,R02657998,NULL,MTH,MTH,NULL,NULL,N,NULL
C0004096,NULL,CUI,RB,C0392707,NULL,CUI,NULL,R02657999,NULL,MTH,MTH,NULL,NULL,N,NULL
C0004096,NULL,CUI,RN,C0856716,NULL,CUI,NULL,R02841172,NULL,MTH,MTH,NULL,NULL,N,NULL
C0004096,NULL,CUI,RN,C0236072,NULL,CUI,NULL,R02841175,NULL,MTH,MTH,NULL,NULL,N,NULL
C0004096,NULL,CUI,RN,C0155883,NULL,CUI,NULL,R02841176,NULL,MTH,MTH,NULL,NULL,N,NULL
C0004096,NULL,CUI,RN,C0155879,NULL,CUI,NULL,R02841179,NULL,MTH,MTH,NULL,NULL,N,NULL
C0004096,NULL,CUI,RN,C0155880,NULL,CUI,NULL,R02841180,NULL,MTH,MTH,NULL,NULL,N,NULL
C0004096,NULL,CUI,RN,C0155882,NULL,CUI,NULL,R02841181,NULL,MTH,MTH,NULL,NULL,N,NULL
C0004096,NULL,CUI,RN,C0155878,NULL,CUI,NULL,R02841182,NULL,MTH,MTH,NULL,NULL,N,NULL
C0004096,NULL,CUI,RN,C0155881,NULL,CUI,NULL,R02841183,NULL,MTH,MTH,NULL,NULL,N,NULL
C0004096,NULL,CUI,RN,C0155886,NULL,CUI,NULL,R02841184,NULL,MTH,MTH,NULL,NULL,N,NULL
C0004096,NULL,CUI,RN,C0549336,NULL,CUI,NULL,R02841185,NULL,MTH,MTH,NULL,NULL,N,NULL
C0004096,NULL,CUI,RN,C0347950,NULL,CUI,NULL,R02841187,NULL,MTH,MTH,NULL,NULL,N,NULL
C0004096,NULL,CUI,RO,C0006266,NULL,CUI,NULL,R03023284,NULL,MTH,MTH,NULL,NULL,N,NULL
C0004096,NULL,CUI,RO,C0006277,NULL,CUI,NULL,R03023285,NULL,MTH,MTH,NULL,NULL,N,NULL
C0004096,NULL,CUI,RO,C0033931,NULL,CUI,NULL,R03023286,NULL,MTH,MTH,NULL,NULL,N,NULL
C0004096,NULL,CUI,RO,C0085129,NULL,CUI,NULL,R03023287,NULL,MTH,MTH,NULL,NULL,N,NULL
C0004096,NULL,CUI,RO,C0282556,NULL,CUI,NULL,R03023288,NULL,MTH,MTH,NULL,NULL,N,NULL
C0004096,NULL,CUI,RO,C0694548,NULL,CUI,NULL,R03023291,NULL,MTH,MTH,NULL,NULL,N,NULL
C0004096,NULL,CUI,RO,C0375321,NULL,CUI,NULL,R03023292,NULL,MTH,MTH,NULL,NULL,N,NULL
C0004096,NULL,CUI,RO,C0235906,NULL,CUI,NULL,R03023293,NULL,MTH,MTH,NULL,NULL,N,NULL
C0004096,NULL,CUI,RO,C0043144,NULL,CUI,NULL,R03023295,NULL,MTH,MTH,NULL,NULL,N,NULL
C0004096,NULL,CUI,RO,C0231875,NULL,CUI,NULL,R03023297,NULL,MTH,MTH,NULL,NULL,N,NULL
C0004096,NULL,CUI,RO,C0013404,NULL,CUI,NULL,R03023298,NULL,MTH,MTH,NULL,NULL,N,NULL
C0004096,NULL,CUI,RO,C0553668,NULL,CUI,NULL,R03023299,NULL,MTH,MTH,NULL,NULL,N,NULL
C0004096,A7850156,CUI,RQ,C0004096,A0874654,AUI,clinically_similar,R03688815,NULL,RAM,RAM,NULL,NULL,N,NULL
C0004096,NULL,CUI,RN,C0038218,NULL,CUI,NULL,R101329277,NULL,MTH,MTH,NULL,NULL,N,NULL
C0004096,NULL,CUI,RO,C2984299,NULL,CUI,NULL,R125059227,NULL,MTH,MTH,NULL,NULL,N,NULL
C0004096,NULL,CUI,RO,C0037763,NULL,CUI,NULL,R135806298,NULL,MTH,MTH,NULL,NULL,N,NULL
C0004096,NULL,CUI,RO,C1260881,NULL,CUI,NULL,R146189807,NULL,MTH,MTH,NULL,NULL,N,NULL
C0004096,NULL,CUI,RB,C0035204,NULL,CUI,NULL,R28754799,NULL,MTH,MTH,NULL,NULL,N,NULL
C0004096,NULL,CUI,RN,C0155877,NULL,CUI,NULL,R28755254,NULL,MTH,MTH,NULL,NULL,N,NULL
C0004096,NULL,CUI,RO,C1319018,NULL,CUI,NULL,R28755348,NULL,MTH,MTH,NULL,NULL,N,NULL
C0004096,NULL,CUI,RN,C0004099,NULL,CUI,NULL,R28755435,NULL,MTH,MTH,NULL,NULL,N,NULL
C0004096,NULL,CUI,RO,C1840085,NULL,CUI,NULL,R61793981,NULL,MTH,MTH,NULL,NULL,N,NULL
C0004096,NULL,CUI,RO,C1869116,NULL,CUI,NULL,R61793989,NULL,MTH,MTH,NULL,NULL,N,NULL
C0004096,NULL,CUI,RO,C1969640,NULL,CUI,NULL,R78261838,NULL,MTH,MTH,NULL,NULL,N,NULL
C0005586,A12058849,CUI,RQ,C0005587,A0991471,AUI,clinically_similar,R03688822,NULL,RAM,RAM,NULL,NULL,N,NULL
C0005586,A12058849,CUI,RQ,C0024713,A0991472,AUI,clinically_similar,R03688823,NULL,RAM,RAM,NULL,NULL,N,NULL
C0005586,NULL,CUI,RO,C1269683,NULL,CUI,NULL,R102257269,NULL,MTH,MTH,NULL,NULL,N,NULL
C0005586,NULL,CUI,RO,C0024713,NULL,CUI,NULL,R116655418,NULL,MTH,MTH,NULL,NULL,N,NULL
C0005586,NULL,CUI,RN,C1970943,NULL,CUI,NULL,R155718378,NULL,MTH,MTH,NULL,NULL,N,NULL
C0005586,NULL,CUI,RN,C1970944,NULL,CUI,NULL,R155718380,NULL,MTH,MTH,NULL,NULL,N,NULL
C0005586,NULL,CUI,RN,C1970945,NULL,CUI,NULL,R155718382,NULL,MTH,MTH,NULL,NULL,N,NULL
C0005586,NULL,CUI,RN,C2700438,NULL,CUI,NULL,R155718384,NULL,MTH,MTH,NULL,NULL,N,NULL
C0005586,NULL,CUI,RN,C2700440,NULL,CUI,NULL,R155718388,NULL,MTH,MTH,NULL,NULL,N,NULL
C0005586,NULL,CUI,RB,C0001723,NULL,CUI,NULL,R32251864,NULL,MTH,MTH,NULL,NULL,N,NULL
C0005586,NULL,CUI,RN,C0235852,NULL,CUI,NULL,R32251872,NULL,MTH,MTH,NULL,NULL,N,NULL
C0005586,NULL,CUI,RN,C2937260,NULL,CUI,NULL,R32251876,NULL,MTH,MTH,NULL,NULL,N,NULL
C0005586,NULL,CUI,RN,C0270434,NULL,CUI,NULL,R32251878,NULL,MTH,MTH,NULL,NULL,N,NULL
C0005586,NULL,CUI,RN,C0154420,NULL,CUI,NULL,R32251880,NULL,MTH,MTH,NULL,NULL,N,NULL
C0005586,NULL,CUI,RN,C0154427,NULL,CUI,NULL,R32251882,NULL,MTH,MTH,NULL,NULL,N,NULL
C0005586,NULL,CUI,RN,C0154432,NULL,CUI,NULL,R32251884,NULL,MTH,MTH,NULL,NULL,N,NULL
C0005586,NULL,CUI,RN,C0154433,NULL,CUI,NULL,R32251886,NULL,MTH,MTH,NULL,NULL,N,NULL
C0005586,NULL,CUI,RO,C0011581,NULL,CUI,NULL,R32251888,NULL,MTH,MTH,NULL,NULL,N,NULL
C0005586,NULL,CUI,RO,C0152125,NULL,CUI,NULL,R32251890,NULL,MTH,MTH,NULL,NULL,N,NULL
C0005586,NULL,CUI,RO,C0855233,NULL,CUI,NULL,R32251892,NULL,MTH,MTH,NULL,NULL,N,NULL
C0005586,NULL,CUI,RO,C0154436,NULL,CUI,NULL,R32251894,NULL,MTH,MTH,NULL,NULL,N,NULL
C0005586,NULL,CUI,RO,C0154437,NULL,CUI,NULL,R32251896,NULL,MTH,MTH,NULL,NULL,N,NULL
C0005586,NULL,CUI,RO,C0154393,NULL,CUI,NULL,R32251898,NULL,MTH,MTH,NULL,NULL,N,NULL
C0005586,NULL,CUI,RO,C0338831,NULL,CUI,NULL,R32251900,NULL,MTH,MTH,NULL,NULL,N,NULL
C0005586,NULL,CUI,RB,C0525045,NULL,CUI,NULL,R32251905,NULL,MTH,MTH,NULL,NULL,N,NULL
C0005586,NULL,CUI,RO,C0270458,NULL,CUI,NULL,R32251911,NULL,MTH,MTH,NULL,NULL,N,NULL
C0005586,NULL,CUI,RO,C0233479,NULL,CUI,NULL,R32251913,NULL,MTH,MTH,NULL,NULL,N,NULL
C0005586,NULL,CUI,RO,C0010598,NULL,CUI,NULL,R32251915,NULL,MTH,MTH,NULL,NULL,N,NULL
C0005586,NULL,CUI,RO,C0743072,NULL,CUI,NULL,R32251917,NULL,MTH,MTH,NULL,NULL,N,NULL
C0005586,NULL,CUI,RN,C0678190,NULL,CUI,NULL,R32251919,NULL,MTH,MTH,NULL,NULL,N,NULL
C0005586,NULL,CUI,RO,C0012706,NULL,CUI,NULL,R32251921,NULL,MTH,MTH,NULL,NULL,N,NULL
C0005586,NULL,CUI,RO,C0005587,NULL,CUI,NULL,R32251923,NULL,MTH,MTH,NULL,NULL,N,NULL
C0005586,NULL,CUI,RB,C0004936,NULL,CUI,NULL,R33799843,NULL,MTH,MTH,NULL,NULL,N,NULL
C0005586,NULL,CUI,RN,C0865318,NULL,CUI,NULL,R40893179,NULL,MTH,MTH,NULL,NULL,N,NULL
C0005586,NULL,CUI,RN,C0865319,NULL,CUI,NULL,R40893213,NULL,MTH,MTH,NULL,NULL,N,NULL
C0005586,NULL,CUI,RN,C1839839,NULL,CUI,NULL,R64555691,NULL,MTH,MTH,NULL,NULL,N,NULL
C0005586,NULL,CUI,RN,C1852197,NULL,CUI,NULL,R64555695,NULL,MTH,MTH,NULL,NULL,N,NULL
C0010055,NULL,CUI,RO,C0010054,NULL,CUI,NULL,R112383557,NULL,MTH,MTH,NULL,NULL,N,NULL
C0010055,NULL,CUI,RO,C1956346,NULL,CUI,NULL,R112383701,NULL,MTH,MTH,NULL,NULL,N,NULL
C0010055,NULL,CUI,RO,C0587370,NULL,CUI,NULL,R170319987,NULL,MTH,MTH,NULL,NULL,N,NULL
C0010055,NULL,CUI,RO,C0189695,NULL,CUI,NULL,R28736965,NULL,MTH,MTH,NULL,NULL,N,NULL
C0010055,NULL,CUI,RO,C0010075,NULL,CUI,NULL,R28736967,NULL,MTH,MTH,NULL,NULL,N,NULL
C0010055,NULL,CUI,RO,C0010068,NULL,CUI,NULL,R28736969,NULL,MTH,MTH,NULL,NULL,N,NULL
C0010055,NULL,CUI,RB,C0018821,NULL,CUI,NULL,R28736971,NULL,MTH,MTH,NULL,NULL,N,NULL
C0010055,NULL,CUI,RB,C0581603,NULL,CUI,NULL,R28736973,NULL,MTH,MTH,NULL,NULL,N,NULL
C0010055,NULL,CUI,RN,C0176590,NULL,CUI,NULL,R28736975,NULL,MTH,MTH,NULL,NULL,N,NULL
C0010055,NULL,CUI,RN,C0189976,NULL,CUI,NULL,R28736977,NULL,MTH,MTH,NULL,NULL,N,NULL
C0010055,NULL,CUI,RO,C0151744,NULL,CUI,NULL,R28736979,NULL,MTH,MTH,NULL,NULL,N,NULL
C0010055,NULL,CUI,RO,C0597087,NULL,CUI,NULL,R28736981,NULL,MTH,MTH,NULL,NULL,N,NULL
C0010055,NULL,CUI,RO,C1260596,NULL,CUI,NULL,R28736991,NULL,MTH,MTH,NULL,NULL,N,NULL
C0010055,NULL,CUI,RN,C0021780,NULL,CUI,NULL,R28736995,NULL,MTH,MTH,NULL,NULL,N,NULL
C0010055,NULL,CUI,RO,C0003483,NULL,CUI,NULL,R28736998,NULL,MTH,MTH,NULL,NULL,N,NULL
C0010055,NULL,CUI,RN,C0176589,NULL,CUI,NULL,R28737002,NULL,MTH,MTH,NULL,NULL,N,NULL
C0010055,NULL,CUI,RO,C0161761,NULL,CUI,NULL,R28737004,NULL,MTH,MTH,NULL,NULL,N,NULL
C0010055,NULL,CUI,RO,C0161762,NULL,CUI,NULL,R28737024,NULL,MTH,MTH,NULL,NULL,N,NULL
C0010055,NULL,CUI,RN,C0021781,NULL,CUI,NULL,R28737032,NULL,MTH,MTH,NULL,NULL,N,NULL
C0010055,NULL,CUI,RO,C0032811,NULL,CUI,NULL,R28737042,NULL,MTH,MTH,NULL,NULL,N,NULL
C0010055,NULL,CUI,RB,C0190188,NULL,CUI,NULL,R28737046,NULL,MTH,MTH,NULL,NULL,N,NULL
C0010055,NULL,CUI,RO,C0018787,NULL,CUI,NULL,R28737048,NULL,MTH,MTH,NULL,NULL,N,NULL
C0010055,NULL,CUI,RN,C0190224,NULL,CUI,NULL,R28737050,NULL,MTH,MTH,NULL,NULL,N,NULL
C0010055,NULL,CUI,RN,C0190228,NULL,CUI,NULL,R28737052,NULL,MTH,MTH,NULL,NULL,N,NULL
C0010055,NULL,CUI,RN,C0190232,NULL,CUI,NULL,R28737054,NULL,MTH,MTH,NULL,NULL,N,NULL
C0010055,NULL,CUI,RN,C0190236,NULL,CUI,NULL,R28737056,NULL,MTH,MTH,NULL,NULL,N,NULL
C0010055,NULL,CUI,RN,C0190242,NULL,CUI,NULL,R28737058,NULL,MTH,MTH,NULL,NULL,N,NULL
C0010055,NULL,CUI,RB,C0027056,NULL,CUI,NULL,R28737060,NULL,MTH,MTH,NULL,NULL,N,NULL
C0010055,NULL,CUI,RO,C0190211,NULL,CUI,NULL,R44016981,NULL,MTH,MTH,NULL,NULL,N,NULL
C0011570,NULL,CUI,RB,C0026516,NULL,CUI,NULL,R02695680,NULL,MTH,MTH,NULL,NULL,N,NULL
C0011570,NULL,CUI,RN,C0743072,NULL,CUI,NULL,R02911339,NULL,MTH,MTH,NULL,NULL,N,NULL
C0011570,NULL,CUI,RN,C0541868,NULL,CUI,NULL,R02911341,NULL,MTH,MTH,NULL,NULL,N,NULL
C0011570,NULL,CUI,RN,C0541869,NULL,CUI,NULL,R02911342,NULL,MTH,MTH,NULL,NULL,N,NULL
C0011570,NULL,CUI,RN,C0221074,NULL,CUI,NULL,R02911344,NULL,MTH,MTH,NULL,NULL,N,NULL
C0011570,NULL,CUI,RN,C0154411,NULL,CUI,NULL,R02911349,NULL,MTH,MTH,NULL,NULL,N,NULL
C0011570,NULL,CUI,RN,C0235876,NULL,CUI,NULL,R02911350,NULL,MTH,MTH,NULL,NULL,N,NULL
C0011570,NULL,CUI,RN,C0041696,NULL,CUI,NULL,R02911352,NULL,MTH,MTH,NULL,NULL,N,NULL
C0011570,NULL,CUI,RN,C0154403,NULL,CUI,NULL,R02911355,NULL,MTH,MTH,NULL,NULL,N,NULL
C0011570,NULL,CUI,RN,C0154404,NULL,CUI,NULL,R02911356,NULL,MTH,MTH,NULL,NULL,N,NULL
C0011570,NULL,CUI,RN,C3665435,NULL,CUI,NULL,R02911357,NULL,MTH,MTH,NULL,NULL,N,NULL
C0011570,NULL,CUI,RN,C0154412,NULL,CUI,NULL,R02911358,NULL,MTH,MTH,NULL,NULL,N,NULL
C0011570,NULL,CUI,RN,C0235136,NULL,CUI,NULL,R02911363,NULL,MTH,MTH,NULL,NULL,N,NULL
C0011570,NULL,CUI,RO,C0012706,NULL,CUI,NULL,R03130893,NULL,MTH,MTH,NULL,NULL,N,NULL
C0011570,NULL,CUI,RO,C0338908,NULL,CUI,NULL,R03130894,NULL,MTH,MTH,NULL,NULL,N,NULL
C0011570,NULL,CUI,RO,C0338926,NULL,CUI,NULL,R03130895,NULL,MTH,MTH,NULL,NULL,N,NULL
C0011570,NULL,CUI,RO,C0013987,NULL,CUI,NULL,R03130896,NULL,MTH,MTH,NULL,NULL,N,NULL
C0011570,NULL,CUI,RO,C0235134,NULL,CUI,NULL,R03130906,NULL,MTH,MTH,NULL,NULL,N,NULL
C0011570,NULL,CUI,RO,C0235135,NULL,CUI,NULL,R03130907,NULL,MTH,MTH,NULL,NULL,N,NULL
C0011570,NULL,CUI,RO,C0235196,NULL,CUI,NULL,R03130908,NULL,MTH,MTH,NULL,NULL,N,NULL
C0011570,NULL,CUI,RO,C0868893,NULL,CUI,NULL,R03130910,NULL,MTH,MTH,NULL,NULL,N,NULL
C0011570,NULL,CUI,RO,C0154437,NULL,CUI,NULL,R03130911,NULL,MTH,MTH,NULL,NULL,N,NULL
C0011570,NULL,CUI,RO,C0011573,NULL,CUI,NULL,R03130912,NULL,MTH,MTH,NULL,NULL,N,NULL
C0011570,NULL,CUI,RO,C0025193,NULL,CUI,NULL,R03130913,NULL,MTH,MTH,NULL,NULL,N,NULL
C0011570,NULL,CUI,RO,C0233477,NULL,CUI,NULL,R03130914,NULL,MTH,MTH,NULL,NULL,N,NULL
C0011570,NULL,CUI,RO,C0178417,NULL,CUI,NULL,R03130915,NULL,MTH,MTH,NULL,NULL,N,NULL
C0011570,A1000550,CUI,RQ,C0011570,A0404407,AUI,clinically_similar,R03688897,NULL,RAM,RAM,NULL,NULL,N,NULL
C0011570,NULL,CUI,RN,C1269683,NULL,CUI,NULL,R102257285,NULL,MTH,MTH,NULL,NULL,N,NULL
C0011570,NULL,CUI,RB,C2713234,NULL,CUI,NULL,R111737091,NULL,MTH,MTH,NULL,NULL,N,NULL
C0011570,NULL,CUI,RO,C0003289,NULL,CUI,NULL,R116562479,NULL,MTH,MTH,NULL,NULL,N,NULL
C0011570,NULL,CUI,RN,C0270458,NULL,CUI,NULL,R13283212,NULL,MTH,MTH,NULL,NULL,N,NULL
C0011570,NULL,CUI,RN,C0011579,NULL,CUI,NULL,R13380895,NULL,MTH,MTH,NULL,NULL,N,NULL
C0011570,NULL,CUI,RO,C0344315,NULL,CUI,NULL,R14948834,NULL,MTH,MTH,NULL,NULL,N,NULL
C0011570,NULL,CUI,RO,C0011581,NULL,CUI,NULL,R156635868,NULL,MTH,MTH,NULL,NULL,N,NULL
C0011570,NULL,CUI,RO,C0460137,NULL,CUI,NULL,R162505021,NULL,MTH,MTH,NULL,NULL,N,NULL
C0011570,NULL,CUI,RN,C0349217,NULL,CUI,NULL,R23318558,NULL,MTH,MTH,NULL,NULL,N,NULL
C0011570,NULL,CUI,RN,C0812393,NULL,CUI,NULL,R23318637,NULL,MTH,MTH,NULL,NULL,N,NULL
C0011570,NULL,CUI,RB,C0004936,NULL,CUI,NULL,R33799701,NULL,MTH,MTH,NULL,NULL,N,NULL
C0011570,NULL,CUI,RO,C0001622,NULL,CUI,NULL,R38371054,NULL,MTH,MTH,NULL,NULL,N,NULL
C0011570,NULL,CUI,RO,C0522168,NULL,CUI,NULL,R38371112,NULL,MTH,MTH,NULL,NULL,N,NULL
C0011570,NULL,CUI,RO,C1999266,NULL,CUI,NULL,R84888038,NULL,MTH,MTH,NULL,NULL,N,NULL
C0011570,NULL,CUI,RO,C1579931,NULL,CUI,NULL,R92276974,NULL,MTH,MTH,NULL,NULL,N,NULL
C0011570,NULL,CUI,RN,C0154413,NULL,CUI,NULL,R94719956,NULL,MTH,MTH,NULL,NULL,N,NULL
C0011849,NULL,CUI,RO,C2362516,NULL,CUI,NULL,R101329912,NULL,MTH,MTH,NULL,NULL,N,NULL
C0011849,NULL,CUI,RN,C0554876,NULL,CUI,NULL,R116616657,NULL,MTH,MTH,NULL,NULL,N,NULL
C0011849,NULL,CUI,RO,C0271650,NULL,CUI,NULL,R121659470,NULL,MTH,MTH,NULL,NULL,N,NULL
C0011849,NULL,CUI,RO,C0020456,NULL,CUI,NULL,R146188189,NULL,MTH,MTH,NULL,NULL,N,NULL
C0011849,NULL,CUI,RO,C0362046,NULL,CUI,NULL,R162583535,NULL,MTH,MTH,NULL,NULL,N,NULL
C0011849,NULL,CUI,RN,C0238086,NULL,CUI,NULL,R91966197,NULL,MTH,MTH,NULL,NULL,N,NULL
C0011849,NULL,CUI,RO,C0032969,NULL,CUI,NULL,R91966201,NULL,MTH,MTH,NULL,NULL,N,NULL
C0011849,NULL,CUI,RO,C0235429,NULL,CUI,NULL,R91966203,NULL,MTH,MTH,NULL,NULL,N,NULL
C0011849,NULL,CUI,RN,C0271640,NULL,CUI,NULL,R91966205,NULL,MTH,MTH,NULL,NULL,N,NULL
C0011849,NULL,CUI,RO,C0162574,NULL,CUI,NULL,R91966207,NULL,MTH,MTH,NULL,NULL,N,NULL
C0011849,NULL,CUI,RO,C0011875,NULL,CUI,NULL,R91966209,NULL,MTH,MTH,NULL,NULL,N,NULL
C0011849,NULL,CUI,RO,C0011882,NULL,CUI,NULL,R91966211,NULL,MTH,MTH,NULL,NULL,N,NULL
C0011849,NULL,CUI,RO,C0011878,NULL,CUI,NULL,R91966213,NULL,MTH,MTH,NULL,NULL,N,NULL
C0011849,NULL,CUI,RO,C0021641,NULL,CUI,NULL,R91966223,NULL,MTH,MTH,NULL,NULL,N,NULL
C0011849,NULL,CUI,RO,C0011848,NULL,CUI,NULL,R91966227,NULL,MTH,MTH,NULL,NULL,N,NULL
C0011849,NULL,CUI,RO,C0017628,NULL,CUI,NULL,R91966229,NULL,MTH,MTH,NULL,NULL,N,NULL
C0011849,NULL,CUI,RB,C0014130,NULL,CUI,NULL,R91966235,NULL,MTH,MTH,NULL,NULL,N,NULL
C0011849,NULL,CUI,RO,C0021655,NULL,CUI,NULL,R91966239,NULL,MTH,MTH,NULL,NULL,N,NULL
C0011849,NULL,CUI,RO,C0011880,NULL,CUI,NULL,R91966241,NULL,MTH,MTH,NULL,NULL,N,NULL
C0011849,NULL,CUI,RN,C0085207,NULL,CUI,NULL,R91966247,NULL,MTH,MTH,NULL,NULL,N,NULL
C0011849,NULL,CUI,RB,C0149670,NULL,CUI,NULL,R91966253,NULL,MTH,MTH,NULL,NULL,N,NULL
C0011849,NULL,CUI,RB,C0271633,NULL,CUI,NULL,R91966257,NULL,MTH,MTH,NULL,NULL,N,NULL
C0011849,NULL,CUI,RO,C0152020,NULL,CUI,NULL,R91966259,NULL,MTH,MTH,NULL,NULL,N,NULL
C0011849,NULL,CUI,RN,C0342245,NULL,CUI,NULL,R91966263,NULL,MTH,MTH,NULL,NULL,N,NULL
C0011849,NULL,CUI,RN,C0011854,NULL,CUI,NULL,R91966269,NULL,MTH,MTH,NULL,NULL,N,NULL
C0011849,NULL,CUI,RB,C0028715,NULL,CUI,NULL,R91966271,NULL,MTH,MTH,NULL,NULL,N,NULL
C0011849,NULL,CUI,RO,C0036413,NULL,CUI,NULL,R91966273,NULL,MTH,MTH,NULL,NULL,N,NULL
C0011849,NULL,CUI,RN,C0271646,NULL,CUI,NULL,R91966278,NULL,MTH,MTH,NULL,NULL,N,NULL
C0011849,NULL,CUI,RN,C0235397,NULL,CUI,NULL,R91966280,NULL,MTH,MTH,NULL,NULL,N,NULL
C0011849,NULL,CUI,RN,C0235398,NULL,CUI,NULL,R91966282,NULL,MTH,MTH,NULL,NULL,N,NULL
C0011849,NULL,CUI,RN,C0235399,NULL,CUI,NULL,R91966284,NULL,MTH,MTH,NULL,NULL,N,NULL
C0011849,NULL,CUI,RN,C0241861,NULL,CUI,NULL,R91966286,NULL,MTH,MTH,NULL,NULL,N,NULL
C0011849,NULL,CUI,RO,C0241863,NULL,CUI,NULL,R91966288,NULL,MTH,MTH,NULL,NULL,N,NULL
C0011849,NULL,CUI,RO,C0150544,NULL,CUI,NULL,R91966290,NULL,MTH,MTH,NULL,NULL,N,NULL
C0011849,NULL,CUI,RO,C0267176,NULL,CUI,NULL,R91966294,NULL,MTH,MTH,NULL,NULL,N,NULL
C0011849,NULL,CUI,RO,C0595877,NULL,CUI,NULL,R91966298,NULL,MTH,MTH,NULL,NULL,N,NULL
C0011849,NULL,CUI,RN,C0011860,NULL,CUI,NULL,R91966300,NULL,MTH,MTH,NULL,NULL,N,NULL
C0011849,NULL,CUI,RO,C0202041,NULL,CUI,NULL,R91966304,NULL,MTH,MTH,NULL,NULL,N,NULL
C0011849,NULL,CUI,RO,C0240016,NULL,CUI,NULL,R91966308,NULL,MTH,MTH,NULL,NULL,N,NULL
C0011849,NULL,CUI,RN,C0342269,NULL,CUI,NULL,R91966312,NULL,MTH,MTH,NULL,NULL,N,NULL
C0011849,NULL,CUI,RN,C0262448,NULL,CUI,NULL,R91966314,NULL,MTH,MTH,NULL,NULL,N,NULL
C0011849,NULL,CUI,RN,C0271635,NULL,CUI,NULL,R91966320,NULL,MTH,MTH,NULL,NULL,N,NULL
C0011849,NULL,CUI,RN,C0154183,NULL,CUI,NULL,R91966322,NULL,MTH,MTH,NULL,NULL,N,NULL
C0011849,NULL,CUI,RB,C0011847,NULL,CUI,NULL,R91966324,NULL,MTH,MTH,NULL,NULL,N,NULL
C0011849,NULL,CUI,RN,C0597655,NULL,CUI,NULL,R91966330,NULL,MTH,MTH,NULL,NULL,N,NULL
C0011849,NULL,CUI,RO,C0598284,NULL,CUI,NULL,R91966332,NULL,MTH,MTH,NULL,NULL,N,NULL
C0011849,NULL,CUI,RN,C0595931,NULL,CUI,NULL,R91966334,NULL,MTH,MTH,NULL,NULL,N,NULL
C0011849,NULL,CUI,RN,C0011859,NULL,CUI,NULL,R91966336,NULL,MTH,MTH,NULL,NULL,N,NULL
C0011849,NULL,CUI,RN,C0011884,NULL,CUI,NULL,R91966340,NULL,MTH,MTH,NULL,NULL,N,NULL
C0011849,NULL,CUI,RO,C0011881,NULL,CUI,NULL,R91966342,NULL,MTH,MTH,NULL,NULL,N,NULL
C0011849,NULL,CUI,RO,C0409729,NULL,CUI,NULL,R91966346,NULL,MTH,MTH,NULL,NULL,N,NULL
C0011849,NULL,CUI,RN,C0342276,NULL,CUI,NULL,R91966348,NULL,MTH,MTH,NULL,NULL,N,NULL
C0011849,NULL,CUI,RN,C0011871,NULL,CUI,NULL,R91966354,NULL,MTH,MTH,NULL,NULL,N,NULL
C0011849,NULL,CUI,RO,C0687720,NULL,CUI,NULL,R91966360,NULL,MTH,MTH,NULL,NULL,N,NULL
C0011849,NULL,CUI,RO,C0678154,NULL,CUI,NULL,R91966362,NULL,MTH,MTH,NULL,NULL,N,NULL
C0011849,NULL,CUI,RN,C0342302,NULL,CUI,NULL,R91966364,NULL,MTH,MTH,NULL,NULL,N,NULL
C0011849,NULL,CUI,RN,C1857958,NULL,CUI,NULL,R91966368,NULL,MTH,MTH,NULL,NULL,N,NULL
C0011849,NULL,CUI,RN,C0865162,NULL,CUI,NULL,R91966370,NULL,MTH,MTH,NULL,NULL,N,NULL
C0011860,NULL,CUI,RB,C1263961,NULL,CUI,NULL,R02687453,NULL,MTH,MTH,NULL,NULL,N,NULL
C0011860,NULL,CUI,RB,C0011847,NULL,CUI,NULL,R02687454,NULL,MTH,MTH,NULL,NULL,N,NULL
C0011860,NULL,CUI,RN,C0342277,NULL,CUI,NULL,R02899622,NULL,MTH,MTH,NULL,NULL,N,NULL
C0011860,NULL,CUI,RN,C0375113,NULL,CUI,NULL,R02899623,NULL,MTH,MTH,NULL,NULL,N,NULL
C0011860,NULL,CUI,RN,C0271635,NULL,CUI,NULL,R02899628,NULL,MTH,MTH,NULL,NULL,N,NULL
C0011860,NULL,CUI,RO,C0028715,NULL,CUI,NULL,R03116286,NULL,MTH,MTH,NULL,NULL,N,NULL
C0011860,NULL,CUI,RO,C0241861,NULL,CUI,NULL,R03116288,NULL,MTH,MTH,NULL,NULL,N,NULL
C0011860,A0047897,CUI,RQ,C0011849,A0404572,AUI,clinically_similar,R03688906,NULL,RAM,RAM,NULL,NULL,N,NULL
C0011860,NULL,CUI,RO,C0063684,NULL,CUI,NULL,R123033697,NULL,MTH,MTH,NULL,NULL,N,NULL
C0011860,NULL,CUI,RO,C2984262,NULL,CUI,NULL,R124730677,NULL,MTH,MTH,NULL,NULL,N,NULL
C0011860,NULL,CUI,RO,C2984301,NULL,CUI,NULL,R124730681,NULL,MTH,MTH,NULL,NULL,N,NULL
C0011860,NULL,CUI,RO,C3273872,NULL,CUI,NULL,R133596122,NULL,MTH,MTH,NULL,NULL,N,NULL
C0011860,NULL,CUI,RO,C3888631,NULL,CUI,NULL,R172303474,NULL,MTH,MTH,NULL,NULL,N,NULL
C0011860,NULL,CUI,RO,C0011880,NULL,CUI,NULL,R28766357,NULL,MTH,MTH,NULL,NULL,N,NULL
C0011860,NULL,CUI,RO,C1417726,NULL,CUI,NULL,R41169439,NULL,MTH,MTH,NULL,NULL,N,NULL
C0011860,NULL,CUI,RO,C1417727,NULL,CUI,NULL,R41169441,NULL,MTH,MTH,NULL,NULL,N,NULL
C0011860,NULL,CUI,RB,C0011849,NULL,CUI,NULL,R91966299,NULL,MTH,MTH,NULL,NULL,N,NULL
C0013537,NULL,CUI,RB,C0236100,NULL,CUI,NULL,R02661631,NULL,MTH,MTH,NULL,NULL,N,NULL
C0013537,NULL,CUI,RN,C0260338,NULL,CUI,NULL,R02851915,NULL,MTH,MTH,NULL,NULL,N,NULL
C0013537,NULL,CUI,RN,C0156677,NULL,CUI,NULL,R02851916,NULL,MTH,MTH,NULL,NULL,N,NULL
C0013537,NULL,CUI,RN,C0156674,NULL,CUI,NULL,R02851917,NULL,MTH,MTH,NULL,NULL,N,NULL
C0013537,NULL,CUI,RN,C0156675,NULL,CUI,NULL,R02851918,NULL,MTH,MTH,NULL,NULL,N,NULL
C0013537,NULL,CUI,RN,C0156676,NULL,CUI,NULL,R02851919,NULL,MTH,MTH,NULL,NULL,N,NULL
C0013537,NULL,CUI,RO,C0036572,NULL,CUI,NULL,R03039136,NULL,MTH,MTH,NULL,NULL,N,NULL
C0013537,NULL,CUI,RO,C0269658,NULL,CUI,NULL,R03039137,NULL,MTH,MTH,NULL,NULL,N,NULL
C0013537,A0052543,CUI,RQ,C0032914,A0464624,AUI,clinically_similar,R03688925,NULL,RAM,RAM,NULL,NULL,N,NULL
C0013537,NULL,CUI,RB,C0151864,NULL,CUI,NULL,R13376853,NULL,MTH,MTH,NULL,NULL,N,NULL
C0013537,NULL,CUI,RB,C0032914,NULL,CUI,NULL,R46201367,NULL,MTH,MTH,NULL,NULL,N,NULL
C0018801,NULL,CUI,RN,C0742749,NULL,CUI,NULL,R103565866,NULL,MTH,MTH,NULL,NULL,N,NULL
C0018801,NULL,CUI,RO,C0264730,NULL,CUI,NULL,R134158146,NULL,MTH,MTH,NULL,NULL,N,NULL
C0018801,NULL,CUI,RO,C0013604,NULL,CUI,NULL,R28750285,NULL,MTH,MTH,NULL,NULL,N,NULL
C0018801,NULL,CUI,RN,C0235527,NULL,CUI,NULL,R28750287,NULL,MTH,MTH,NULL,NULL,N,NULL
C0018801,NULL,CUI,RB,C0018799,NULL,CUI,NULL,R28750289,NULL,MTH,MTH,NULL,NULL,N,NULL
C0018801,NULL,CUI,RN,C0023212,NULL,CUI,NULL,R28750291,NULL,MTH,MTH,NULL,NULL,N,NULL
C0018801,NULL,CUI,RN,C0264714,NULL,CUI,NULL,R28750293,NULL,MTH,MTH,NULL,NULL,N,NULL
C0018801,NULL,CUI,RN,C0018802,NULL,CUI,NULL,R28750295,NULL,MTH,MTH,NULL,NULL,N,NULL
C0018801,NULL,CUI,RO,C0036980,NULL,CUI,NULL,R28750297,NULL,MTH,MTH,NULL,NULL,N,NULL
C0018801,NULL,CUI,RO,C0007166,NULL,CUI,NULL,R28750299,NULL,MTH,MTH,NULL,NULL,N,NULL
C0018801,NULL,CUI,RN,C0264716,NULL,CUI,NULL,R28750301,NULL,MTH,MTH,NULL,NULL,N,NULL
C0018801,NULL,CUI,RO,C0018800,NULL,CUI,NULL,R28750303,NULL,MTH,MTH,NULL,NULL,N,NULL
C0018801,NULL,CUI,RO,C0018787,NULL,CUI,NULL,R28750307,NULL,MTH,MTH,NULL,NULL,N,NULL
C0018801,NULL,CUI,RO,C0684338,NULL,CUI,NULL,R28750309,NULL,MTH,MTH,NULL,NULL,N,NULL
C0018801,NULL,CUI,RO,C0002962,NULL,CUI,NULL,R28750311,NULL,MTH,MTH,NULL,NULL,N,NULL
C0018801,NULL,CUI,RO,C0392173,NULL,CUI,NULL,R28750314,NULL,MTH,MTH,NULL,NULL,N,NULL
C0018801,NULL,CUI,RO,C0235525,NULL,CUI,NULL,R28750316,NULL,MTH,MTH,NULL,NULL,N,NULL
C0018801,NULL,CUI,RO,C0034072,NULL,CUI,NULL,R28750318,NULL,MTH,MTH,NULL,NULL,N,NULL
C0018801,NULL,CUI,RB,C0007222,NULL,CUI,NULL,R28750324,NULL,MTH,MTH,NULL,NULL,N,NULL
C0018801,NULL,CUI,RO,C0542052,NULL,CUI,NULL,R28750326,NULL,MTH,MTH,NULL,NULL,N,NULL
C0018801,NULL,CUI,RN,C1959583,NULL,CUI,NULL,R71518460,NULL,MTH,MTH,NULL,NULL,N,NULL
C0020538,NULL,CUI,RO,C0005824,NULL,CUI,NULL,R106440177,NULL,MTH,MTH,NULL,NULL,N,NULL
C0020538,NULL,CUI,RO,C0010054,NULL,CUI,NULL,R112383593,NULL,MTH,MTH,NULL,NULL,N,NULL
C0020538,NULL,CUI,RO,C1956346,NULL,CUI,NULL,R112383737,NULL,MTH,MTH,NULL,NULL,N,NULL
C0020538,NULL,CUI,RO,C2917273,NULL,CUI,NULL,R116560964,NULL,MTH,MTH,NULL,NULL,N,NULL
C0020538,NULL,CUI,RO,C2926615,NULL,CUI,NULL,R119144862,NULL,MTH,MTH,NULL,NULL,N,NULL
C0020538,NULL,CUI,RO,C2924340,NULL,CUI,NULL,R119144885,NULL,MTH,MTH,NULL,NULL,N,NULL
C0020538,NULL,CUI,RO,C0684167,NULL,CUI,NULL,R122674733,NULL,MTH,MTH,NULL,NULL,N,NULL
C0020538,NULL,CUI,RO,C0857121,NULL,CUI,NULL,R136186416,NULL,MTH,MTH,NULL,NULL,N,NULL
C0020538,NULL,CUI,RO,C3541293,NULL,CUI,NULL,R137702396,NULL,MTH,MTH,NULL,NULL,N,NULL
C0020538,NULL,CUI,RO,C0003850,NULL,CUI,NULL,R146190229,NULL,MTH,MTH,NULL,NULL,N,NULL
C0020538,NULL,CUI,RN,C0221155,NULL,CUI,NULL,R19383972,NULL,MTH,MTH,NULL,NULL,N,NULL
C0020538,NULL,CUI,RN,C0151620,NULL,CUI,NULL,R19383976,NULL,MTH,MTH,NULL,NULL,N,NULL
C0020538,NULL,CUI,RN,C0020540,NULL,CUI,NULL,R19383982,NULL,MTH,MTH,NULL,NULL,N,NULL
C0020538,NULL,CUI,RN,C0264641,NULL,CUI,NULL,R19383986,NULL,MTH,MTH,NULL,NULL,N,NULL
C0020538,NULL,CUI,RO,C0042380,NULL,CUI,NULL,R19383988,NULL,MTH,MTH,NULL,NULL,N,NULL
C0020538,NULL,CUI,RN,C0494574,NULL,CUI,NULL,R19383996,NULL,MTH,MTH,NULL,NULL,N,NULL
C0020538,NULL,CUI,RN,C0348586,NULL,CUI,NULL,R19384006,NULL,MTH,MTH,NULL,NULL,N,NULL
C0020538,NULL,CUI,RO,C0002962,NULL,CUI,NULL,R19384008,NULL,MTH,MTH,NULL,NULL,N,NULL
C0020538,NULL,CUI,RO,C0029822,NULL,CUI,NULL,R19384010,NULL,MTH,MTH,NULL,NULL,N,NULL
C0020538,NULL,CUI,RN,C0020542,NULL,CUI,NULL,R19384014,NULL,MTH,MTH,NULL,NULL,N,NULL
C0020538,NULL,CUI,RO,C0262428,NULL,CUI,NULL,R19384016,NULL,MTH,MTH,NULL,NULL,N,NULL
C0020538,NULL,CUI,RN,C0155591,NULL,CUI,NULL,R19384018,NULL,MTH,MTH,NULL,NULL,N,NULL
C0020538,NULL,CUI,RO,C1275966,NULL,CUI,NULL,R19384022,NULL,MTH,MTH,NULL,NULL,N,NULL
C0020538,NULL,CUI,RO,C0155607,NULL,CUI,NULL,R19384026,NULL,MTH,MTH,NULL,NULL,N,NULL
C0020538,NULL,CUI,RO,C0152105,NULL,CUI,NULL,R19384028,NULL,MTH,MTH,NULL,NULL,N,NULL
C0020538,NULL,CUI,RO,C0235750,NULL,CUI,NULL,R19384032,NULL,MTH,MTH,NULL,NULL,N,NULL
C0020538,NULL,CUI,RO,C0020546,NULL,CUI,NULL,R19384036,NULL,MTH,MTH,NULL,NULL,N,NULL
C0020538,NULL,CUI,RO,C0232117,NULL,CUI,NULL,R19384038,NULL,MTH,MTH,NULL,NULL,N,NULL
C0020538,NULL,CUI,RB,C0007222,NULL,CUI,NULL,R19384043,NULL,MTH,MTH,NULL,NULL,N,NULL
C0020538,NULL,CUI,RN,C0155620,NULL,CUI,NULL,R19384045,NULL,MTH,MTH,NULL,NULL,N,NULL
C0020538,NULL,CUI,RO,C0005823,NULL,CUI,NULL,R19384049,NULL,MTH,MTH,NULL,NULL,N,NULL
C0020538,NULL,CUI,RO,C0497247,NULL,CUI,NULL,R19384057,NULL,MTH,MTH,NULL,NULL,N,NULL
C0020538,NULL,CUI,RN,C0235222,NULL,CUI,NULL,R19384059,NULL,MTH,MTH,NULL,NULL,N,NULL
C0020538,NULL,CUI,RN,C0544618,NULL,CUI,NULL,R19384063,NULL,MTH,MTH,NULL,NULL,N,NULL
C0020538,NULL,CUI,RO,C0221733,NULL,CUI,NULL,R19384069,NULL,MTH,MTH,NULL,NULL,N,NULL
C0020538,NULL,CUI,RN,C0155583,NULL,CUI,NULL,R19384071,NULL,MTH,MTH,NULL,NULL,N,NULL
C0020538,NULL,CUI,RB,C0728936,NULL,CUI,NULL,R19384075,NULL,MTH,MTH,NULL,NULL,N,NULL
C0020538,NULL,CUI,RN,C0596088,NULL,CUI,NULL,R19384077,NULL,MTH,MTH,NULL,NULL,N,NULL
C0020538,NULL,CUI,RN,C0262534,NULL,CUI,NULL,R19384085,NULL,MTH,MTH,NULL,NULL,N,NULL
C0020538,NULL,CUI,RO,C0678860,NULL,CUI,NULL,R19384087,NULL,MTH,MTH,NULL,NULL,N,NULL
C0020538,NULL,CUI,RN,C0262395,NULL,CUI,NULL,R19384089,NULL,MTH,MTH,NULL,NULL,N,NULL
C0020538,NULL,CUI,RN,C0155616,NULL,CUI,NULL,R19384091,NULL,MTH,MTH,NULL,NULL,N,NULL
C0020538,NULL,CUI,RO,C0003364,NULL,CUI,NULL,R19384093,NULL,MTH,MTH,NULL,NULL,N,NULL
C0020538,NULL,CUI,RO,C0553983,NULL,CUI,NULL,R19384095,NULL,MTH,MTH,NULL,NULL,N,NULL
C0020538,NULL,CUI,RN,C1171328,NULL,CUI,NULL,R19384097,NULL,MTH,MTH,NULL,NULL,N,NULL
C0020538,NULL,CUI,RN,C0596515,NULL,CUI,NULL,R19384099,NULL,MTH,MTH,NULL,NULL,N,NULL
C0020538,NULL,CUI,RN,C0598428,NULL,CUI,NULL,R19384101,NULL,MTH,MTH,NULL,NULL,N,NULL
C0020538,NULL,CUI,RN,C0597048,NULL,CUI,NULL,R19384103,NULL,MTH,MTH,NULL,NULL,N,NULL
C0020538,NULL,CUI,RN,C0597290,NULL,CUI,NULL,R19384105,NULL,MTH,MTH,NULL,NULL,N,NULL
C0020538,NULL,CUI,RO,C0038999,NULL,CUI,NULL,R19384107,NULL,MTH,MTH,NULL,NULL,N,NULL
C0020538,NULL,CUI,RO,C0007820,NULL,CUI,NULL,R19384109,NULL,MTH,MTH,NULL,NULL,N,NULL
C0020538,NULL,CUI,RN,C0155622,NULL,CUI,NULL,R19384111,NULL,MTH,MTH,NULL,NULL,N,NULL
C0020538,NULL,CUI,RB,C0005826,NULL,CUI,NULL,R19384117,NULL,MTH,MTH,NULL,NULL,N,NULL
C0020538,NULL,CUI,RO,C0549405,NULL,CUI,NULL,R19384119,NULL,MTH,MTH,NULL,NULL,N,NULL
C0020538,NULL,CUI,RO,C1272641,NULL,CUI,NULL,R20792971,NULL,MTH,MTH,NULL,NULL,N,NULL
C0020538,NULL,CUI,RN,C1171349,NULL,CUI,NULL,R22681994,NULL,MTH,MTH,NULL,NULL,N,NULL
C0020538,NULL,CUI,RN,C1171326,NULL,CUI,NULL,R22681996,NULL,MTH,MTH,NULL,NULL,N,NULL
C0020538,NULL,CUI,RO,C0852036,NULL,CUI,NULL,R24669173,NULL,MTH,MTH,NULL,NULL,N,NULL
C0020538,NULL,CUI,RO,C0013604,NULL,CUI,NULL,R24674531,NULL,MTH,MTH,NULL,NULL,N,NULL
C0020538,NULL,CUI,RN,C1171351,NULL,CUI,NULL,R25619085,NULL,MTH,MTH,NULL,NULL,N,NULL
C0020538,NULL,CUI,RO,C0017327,NULL,CUI,NULL,R28729644,NULL,MTH,MTH,NULL,NULL,N,NULL
C0020538,NULL,CUI,RN,C0348860,NULL,CUI,NULL,R28753615,NULL,MTH,MTH,NULL,NULL,N,NULL
C0020538,NULL,CUI,RO,C0155601,NULL,CUI,NULL,R40231688,NULL,MTH,MTH,NULL,NULL,N,NULL
C0020538,NULL,CUI,RN,C0348879,NULL,CUI,NULL,R40231744,NULL,MTH,MTH,NULL,NULL,N,NULL
C0020538,NULL,CUI,RN,C0494576,NULL,CUI,NULL,R40231760,NULL,MTH,MTH,NULL,NULL,N,NULL
C0020538,NULL,CUI,RO,C0010068,NULL,CUI,NULL,R41994611,NULL,MTH,MTH,NULL,NULL,N,NULL
C0020538,NULL,CUI,RB,C0542302,NULL,CUI,NULL,R44043995,NULL,MTH,MTH,NULL,NULL,N,NULL
C0020538,NULL,CUI,RN,C0238780,NULL,CUI,NULL,R44043997,NULL,MTH,MTH,NULL,NULL,N,NULL
C0020538,NULL,CUI,RO,C0026426,NULL,CUI,NULL,R44043999,NULL,MTH,MTH,NULL,NULL,N,NULL
C0020538,NULL,CUI,RO,C0020541,NULL,CUI,NULL,R44044001,NULL,MTH,MTH,NULL,NULL,N,NULL
C0020538,NULL,CUI,RO,C0518829,NULL,CUI,NULL,R44044005,NULL,MTH,MTH,NULL,NULL,N,NULL
C0020538,NULL,CUI,RO,C0277890,NULL,CUI,NULL,R44044010,NULL,MTH,MTH,NULL,NULL,N,NULL
C0020538,NULL,CUI,RN,C0032914,NULL,CUI,NULL,R46201358,NULL,MTH,MTH,NULL,NULL,N,NULL
C0020538,NULL,CUI,RN,C0848548,NULL,CUI,NULL,R49573516,NULL,MTH,MTH,NULL,NULL,N,NULL
C0020538,NULL,CUI,RO,C1963138,NULL,CUI,NULL,R72215740,NULL,MTH,MTH,NULL,NULL,N,NULL
C0020538,NULL,CUI,RN,C0020545,NULL,CUI,NULL,R91958785,NULL,MTH,MTH,NULL,NULL,N,NULL
C0020538,NULL,CUI,RO,C1541808,NULL,CUI,NULL,R91964214,NULL,MTH,MTH,NULL,NULL,N,NULL
C0020538,NULL,CUI,RO,C1145628,NULL,CUI,NULL,R91967422,NULL,MTH,MTH,NULL,NULL,N,NULL
C0020538,NULL,CUI,RO,C0694541,NULL,CUI,NULL,R91970168,NULL,MTH,MTH,NULL,NULL,N,NULL
C0020538,NULL,CUI,RN,C0341934,NULL,CUI,NULL,R94721736,NULL,MTH,MTH,NULL,NULL,N,NULL
C0021400,NULL,CUI,RB,C0029342,NULL,CUI,NULL,R02747619,NULL,MTH,MTH,NULL,NULL,N,NULL
C0021400,NULL,CUI,RN,C0856238,NULL,CUI,NULL,R02947003,NULL,MTH,MTH,NULL,NULL,N,NULL
C0021400,NULL,CUI,RN,C0021414,NULL,CUI,NULL,R02947008,NULL,MTH,MTH,NULL,NULL,N,NULL
C0021400,NULL,CUI,RN,C0155871,NULL,CUI,NULL,R02947009,NULL,MTH,MTH,NULL,NULL,N,NULL
C0021400,NULL,CUI,RN,C0276353,NULL,CUI,NULL,R02947012,NULL,MTH,MTH,NULL,NULL,N,NULL
C0021400,NULL,CUI,RN,C0276357,NULL,CUI,NULL,R02947015,NULL,MTH,MTH,NULL,NULL,N,NULL
C0021400,NULL,CUI,RO,C0029341,NULL,CUI,NULL,R03221082,NULL,MTH,MTH,NULL,NULL,N,NULL
C0021400,NULL,CUI,RO,C0029344,NULL,CUI,NULL,R03221083,NULL,MTH,MTH,NULL,NULL,N,NULL
C0021400,NULL,CUI,RO,C0029345,NULL,CUI,NULL,R03221084,NULL,MTH,MTH,NULL,NULL,N,NULL
C0021400,NULL,CUI,RO,C0029348,NULL,CUI,NULL,R03221085,NULL,MTH,MTH,NULL,NULL,N,NULL
C0021400,NULL,CUI,RO,C1145669,NULL,CUI,NULL,R03221086,NULL,MTH,MTH,NULL,NULL,N,NULL
C0021400,NULL,CUI,RO,C0392171,NULL,CUI,NULL,R03221088,NULL,MTH,MTH,NULL,NULL,N,NULL
C0021400,NULL,CUI,RO,C0042769,NULL,CUI,NULL,R03221089,NULL,MTH,MTH,NULL,NULL,N,NULL
C0021400,NULL,CUI,RO,C0497353,NULL,CUI,NULL,R03221090,NULL,MTH,MTH,NULL,NULL,N,NULL
C0021400,NULL,CUI,RO,C0392389,NULL,CUI,NULL,R03221091,NULL,MTH,MTH,NULL,NULL,N,NULL
C0021400,NULL,CUI,RO,C0277525,NULL,CUI,NULL,R03221092,NULL,MTH,MTH,NULL,NULL,N,NULL
C0021400,NULL,CUI,RO,C0017178,NULL,CUI,NULL,R103704845,NULL,MTH,MTH,NULL,NULL,N,NULL
C0021400,NULL,CUI,RO,C0009450,NULL,CUI,NULL,R41956196,NULL,MTH,MTH,NULL,NULL,N,NULL
C0021400,NULL,CUI,RO,C0796514,NULL,CUI,NULL,R41999869,NULL,MTH,MTH,NULL,NULL,N,NULL
C0021400,NULL,CUI,RO,C0021403,NULL,CUI,NULL,R44322054,NULL,MTH,MTH,NULL,NULL,N,NULL
C0021400,NULL,CUI,RN,C0030389,NULL,CUI,NULL,R53080392,NULL,MTH,MTH,NULL,NULL,N,NULL
C0024117,NULL,CUI,RN,C0004096,NULL,CUI,NULL,R02964016,NULL,MTH,MTH,NULL,NULL,N,NULL
C0024117,NULL,CUI,RN,C0006266,NULL,CUI,NULL,R02964017,NULL,MTH,MTH,NULL,NULL,N,NULL
C0024117,NULL,CUI,RB,C0006261,NULL,CUI,NULL,R146188017,NULL,MTH,MTH,NULL,NULL,N,NULL
C0024117,NULL,CUI,RN,C1847014,NULL,CUI,NULL,R146188019,NULL,MTH,MTH,NULL,NULL,N,NULL
C0024117,NULL,CUI,RO,C0013990,NULL,CUI,NULL,R146188023,NULL,MTH,MTH,NULL,NULL,N,NULL
C0024117,NULL,CUI,RB,C0600260,NULL,CUI,NULL,R146188025,NULL,MTH,MTH,NULL,NULL,N,NULL
C0024117,NULL,CUI,RB,C0008679,NULL,CUI,NULL,R146188027,NULL,MTH,MTH,NULL,NULL,N,NULL
C0024117,NULL,CUI,RN,C0155874,NULL,CUI,NULL,R146188034,NULL,MTH,MTH,NULL,NULL,N,NULL
C0024117,NULL,CUI,RB,C0035204,NULL,CUI,NULL,R146188036,NULL,MTH,MTH,NULL,NULL,N,NULL
C0024117,NULL,CUI,RN,C0029607,NULL,CUI,NULL,R146188042,NULL,MTH,MTH,NULL,NULL,N,NULL
C0024117,NULL,CUI,RO,C0008677,NULL,CUI,NULL,R146188044,NULL,MTH,MTH,NULL,NULL,N,NULL
C0024117,NULL,CUI,RN,C1527303,NULL,CUI,NULL,R146188050,NULL,MTH,MTH,NULL,NULL,N,NULL
C0024117,NULL,CUI,RO,C0597384,NULL,CUI,NULL,R146188052,NULL,MTH,MTH,NULL,NULL,N,NULL
C0024117,NULL,CUI,RO,C1536056,NULL,CUI,NULL,R146188058,NULL,MTH,MTH,NULL,NULL,N,NULL
C0024117,NULL,CUI,RB,C0024115,NULL,CUI,NULL,R146188060,NULL,MTH,MTH,NULL,NULL,N,NULL
C0024117,NULL,CUI,RN,C0034067,NULL,CUI,NULL,R146188068,NULL,MTH,MTH,NULL,NULL,N,NULL
C0024117,NULL,CUI,RO,C0001883,NULL,CUI,NULL,R146188070,NULL,MTH,MTH,NULL,NULL,N,NULL
C0024117,NULL,CUI,RN,C0221227,NULL,CUI,NULL,R146188074,NULL,MTH,MTH,NULL,NULL,N,NULL
C0024117,NULL,CUI,RN,C0264393,NULL,CUI,NULL,R146188076,NULL,MTH,MTH,NULL,NULL,N,NULL
C0024117,NULL,CUI,RO,C0002390,NULL,CUI,NULL,R146188078,NULL,MTH,MTH,NULL,NULL,N,NULL
C0024117,NULL,CUI,RB,C0699949,NULL,CUI,NULL,R146188080,NULL,MTH,MTH,NULL,NULL,N,NULL
C0024117,NULL,CUI,RO,C0302378,NULL,CUI,NULL,R146188086,NULL,MTH,MTH,NULL,NULL,N,NULL
C0024117,NULL,CUI,RN,C0155880,NULL,CUI,NULL,R146188088,NULL,MTH,MTH,NULL,NULL,N,NULL
C0024117,NULL,CUI,RN,C3714497,NULL,CUI,NULL,R149273281,NULL,MTH,MTH,NULL,NULL,N,NULL
C0024117,NULL,CUI,RO,C3714496,NULL,CUI,NULL,R153350127,NULL,MTH,MTH,NULL,NULL,N,NULL
C0027051,A0089430,CUI,RQ,C0155626,A0995236,AUI,clinically_similar,R03689201,NULL,RAM,RAM,NULL,NULL,N,NULL
C0027051,NULL,CUI,RO,C0010054,NULL,CUI,NULL,R112383551,NULL,MTH,MTH,NULL,NULL,N,NULL
C0027051,NULL,CUI,RO,C1956346,NULL,CUI,NULL,R112383695,NULL,MTH,MTH,NULL,NULL,N,NULL
C0027051,NULL,CUI,RO,C2926063,NULL,CUI,NULL,R119144815,NULL,MTH,MTH,NULL,NULL,N,NULL
C0027051,NULL,CUI,RO,C0027540,NULL,CUI,NULL,R123292786,NULL,MTH,MTH,NULL,NULL,N,NULL
C0027051,NULL,CUI,RO,C0003850,NULL,CUI,NULL,R146190221,NULL,MTH,MTH,NULL,NULL,N,NULL
C0027051,NULL,CUI,RO,C3810814,NULL,CUI,NULL,R152763756,NULL,MTH,MTH,NULL,NULL,N,NULL
C0027051,NULL,CUI,RO,C0428953,NULL,CUI,NULL,R156779917,NULL,MTH,MTH,NULL,NULL,N,NULL
C0027051,NULL,CUI,RO,C1442837,NULL,CUI,NULL,R28749969,NULL,MTH,MTH,NULL,NULL,N,NULL
C0027051,NULL,CUI,RN,C0340305,NULL,CUI,NULL,R28749973,NULL,MTH,MTH,NULL,NULL,N,NULL
C0027051,NULL,CUI,RN,C0340319,NULL,CUI,NULL,R28749977,NULL,MTH,MTH,NULL,NULL,N,NULL
C0027051,NULL,CUI,RN,C0746727,NULL,CUI,NULL,R28749979,NULL,MTH,MTH,NULL,NULL,N,NULL
C0027051,NULL,CUI,RO,C0151744,NULL,CUI,NULL,R28749991,NULL,MTH,MTH,NULL,NULL,N,NULL
C0027051,NULL,CUI,RO,C0679397,NULL,CUI,NULL,R28749993,NULL,MTH,MTH,NULL,NULL,N,NULL
C0027051,NULL,CUI,RO,C0860155,NULL,CUI,NULL,R28749997,NULL,MTH,MTH,NULL,NULL,N,NULL
C0027051,NULL,CUI,RO,C0010068,NULL,CUI,NULL,R28749999,NULL,MTH,MTH,NULL,NULL,N,NULL
C0027051,NULL,CUI,RN,C0856742,NULL,CUI,NULL,R28750008,NULL,MTH,MTH,NULL,NULL,N,NULL
C0027051,NULL,CUI,RO,C0002962,NULL,CUI,NULL,R28750010,NULL,MTH,MTH,NULL,NULL,N,NULL
C0027051,NULL,CUI,RO,C0178570,NULL,CUI,NULL,R28750014,NULL,MTH,MTH,NULL,NULL,N,NULL
C0027051,NULL,CUI,RO,C0278960,NULL,CUI,NULL,R28750022,NULL,MTH,MTH,NULL,NULL,N,NULL
C0027051,NULL,CUI,RN,C0262563,NULL,CUI,NULL,R28750026,NULL,MTH,MTH,NULL,NULL,N,NULL
C0027051,NULL,CUI,RN,C0262564,NULL,CUI,NULL,R28750028,NULL,MTH,MTH,NULL,NULL,N,NULL
C0027051,NULL,CUI,RN,C0262565,NULL,CUI,NULL,R28750030,NULL,MTH,MTH,NULL,NULL,N,NULL
C0027051,NULL,CUI,RN,C0262567,NULL,CUI,NULL,R28750034,NULL,MTH,MTH,NULL,NULL,N,NULL
C0027051,NULL,CUI,RO,C0010072,NULL,CUI,NULL,R28750038,NULL,MTH,MTH,NULL,NULL,N,NULL
C0027051,NULL,CUI,RO,C0442840,NULL,CUI,NULL,R28750040,NULL,MTH,MTH,NULL,NULL,N,NULL
C0027051,NULL,CUI,RN,C0262568,NULL,CUI,NULL,R28750044,NULL,MTH,MTH,NULL,NULL,N,NULL
C0027051,NULL,CUI,RN,C0155626,NULL,CUI,NULL,R28750046,NULL,MTH,MTH,NULL,NULL,N,NULL
C0027051,NULL,CUI,RN,C0155643,NULL,CUI,NULL,R28750048,NULL,MTH,MTH,NULL,NULL,N,NULL
C0027051,NULL,CUI,RN,C0155647,NULL,CUI,NULL,R28750050,NULL,MTH,MTH,NULL,NULL,N,NULL
C0027051,NULL,CUI,RN,C0155655,NULL,CUI,NULL,R28750052,NULL,MTH,MTH,NULL,NULL,N,NULL
C0027051,NULL,CUI,RN,C0155659,NULL,CUI,NULL,R28750054,NULL,MTH,MTH,NULL,NULL,N,NULL
C0027051,NULL,CUI,RN,C0302375,NULL,CUI,NULL,R28750056,NULL,MTH,MTH,NULL,NULL,N,NULL
C0027051,NULL,CUI,RN,C0302376,NULL,CUI,NULL,R28750062,NULL,MTH,MTH,NULL,NULL,N,NULL
C0027051,NULL,CUI,RN,C0340293,NULL,CUI,NULL,R28750066,NULL,MTH,MTH,NULL,NULL,N,NULL
C0027051,NULL,CUI,RO,C0027061,NULL,CUI,NULL,R28750068,NULL,MTH,MTH,NULL,NULL,N,NULL
C0027051,NULL,CUI,RN,C0877719,NULL,CUI,NULL,R28750076,NULL,MTH,MTH,NULL,NULL,N,NULL
C0027051,NULL,CUI,RB,C0007222,NULL,CUI,NULL,R28750080,NULL,MTH,MTH,NULL,NULL,N,NULL
C0027051,NULL,CUI,RB,C0728936,NULL,CUI,NULL,R28750082,NULL,MTH,MTH,NULL,NULL,N,NULL
C0027051,NULL,CUI,RN,C0861151,NULL,CUI,NULL,R28750084,NULL,MTH,MTH,NULL,NULL,N,NULL
C0027051,NULL,CUI,RN,C0340304,NULL,CUI,NULL,R28750086,NULL,MTH,MTH,NULL,NULL,N,NULL
C0027051,NULL,CUI,RN,C0340308,NULL,CUI,NULL,R28750088,NULL,MTH,MTH,NULL,NULL,N,NULL
C0027051,NULL,CUI,RN,C0877768,NULL,CUI,NULL,R28750092,NULL,MTH,MTH,NULL,NULL,N,NULL
C0027051,NULL,CUI,RN,C0494580,NULL,CUI,NULL,R28750096,NULL,MTH,MTH,NULL,NULL,N,NULL
C0027051,NULL,CUI,RO,C0151814,NULL,CUI,NULL,R28750098,NULL,MTH,MTH,NULL,NULL,N,NULL
C0027051,NULL,CUI,RB,C0018799,NULL,CUI,NULL,R28750100,NULL,MTH,MTH,NULL,NULL,N,NULL
C0027051,NULL,CUI,RO,C0018814,NULL,CUI,NULL,R28750104,NULL,MTH,MTH,NULL,NULL,N,NULL
C0027051,NULL,CUI,RO,C1260883,NULL,CUI,NULL,R28750106,NULL,MTH,MTH,NULL,NULL,N,NULL
C0027051,NULL,CUI,RO,C0264686,NULL,CUI,NULL,R28750108,NULL,MTH,MTH,NULL,NULL,N,NULL
C0027051,NULL,CUI,RN,C0155628,NULL,CUI,NULL,R28750112,NULL,MTH,MTH,NULL,NULL,N,NULL
C0027051,NULL,CUI,RN,C0155629,NULL,CUI,NULL,R28750114,NULL,MTH,MTH,NULL,NULL,N,NULL
C0027051,NULL,CUI,RN,C0155630,NULL,CUI,NULL,R28750116,NULL,MTH,MTH,NULL,NULL,N,NULL
C0027051,NULL,CUI,RN,C0155632,NULL,CUI,NULL,R28750118,NULL,MTH,MTH,NULL,NULL,N,NULL
C0027051,NULL,CUI,RN,C0155633,NULL,CUI,NULL,R28750120,NULL,MTH,MTH,NULL,NULL,N,NULL
C0027051,NULL,CUI,RN,C0155634,NULL,CUI,NULL,R28750122,NULL,MTH,MTH,NULL,NULL,N,NULL
C0027051,NULL,CUI,RN,C0155636,NULL,CUI,NULL,R28750124,NULL,MTH,MTH,NULL,NULL,N,NULL
C0027051,NULL,CUI,RN,C0155637,NULL,CUI,NULL,R28750126,NULL,MTH,MTH,NULL,NULL,N,NULL
C0027051,NULL,CUI,RN,C0155638,NULL,CUI,NULL,R28750128,NULL,MTH,MTH,NULL,NULL,N,NULL
C0027051,NULL,CUI,RN,C0155640,NULL,CUI,NULL,R28750130,NULL,MTH,MTH,NULL,NULL,N,NULL
C0027051,NULL,CUI,RN,C0155641,NULL,CUI,NULL,R28750132,NULL,MTH,MTH,NULL,NULL,N,NULL
C0027051,NULL,CUI,RN,C0155642,NULL,CUI,NULL,R28750134,NULL,MTH,MTH,NULL,NULL,N,NULL
C0027051,NULL,CUI,RN,C0155644,NULL,CUI,NULL,R28750136,NULL,MTH,MTH,NULL,NULL,N,NULL
C0027051,NULL,CUI,RN,C0155645,NULL,CUI,NULL,R28750138,NULL,MTH,MTH,NULL,NULL,N,NULL
C0027051,NULL,CUI,RN,C0155646,NULL,CUI,NULL,R28750140,NULL,MTH,MTH,NULL,NULL,N,NULL
C0027051,NULL,CUI,RN,C0155648,NULL,CUI,NULL,R28750142,NULL,MTH,MTH,NULL,NULL,N,NULL
C0027051,NULL,CUI,RN,C0155649,NULL,CUI,NULL,R28750144,NULL,MTH,MTH,NULL,NULL,N,NULL
C0027051,NULL,CUI,RN,C0155650,NULL,CUI,NULL,R28750146,NULL,MTH,MTH,NULL,NULL,N,NULL
C0027051,NULL,CUI,RN,C0155652,NULL,CUI,NULL,R28750148,NULL,MTH,MTH,NULL,NULL,N,NULL
C0027051,NULL,CUI,RN,C0155653,NULL,CUI,NULL,R28750150,NULL,MTH,MTH,NULL,NULL,N,NULL
C0027051,NULL,CUI,RN,C0155654,NULL,CUI,NULL,R28750152,NULL,MTH,MTH,NULL,NULL,N,NULL
C0027051,NULL,CUI,RN,C0155657,NULL,CUI,NULL,R28750154,NULL,MTH,MTH,NULL,NULL,N,NULL
C0027051,NULL,CUI,RN,C0155658,NULL,CUI,NULL,R28750156,NULL,MTH,MTH,NULL,NULL,N,NULL
C0027051,NULL,CUI,RN,C0155660,NULL,CUI,NULL,R28750158,NULL,MTH,MTH,NULL,NULL,N,NULL
C0027051,NULL,CUI,RN,C0155661,NULL,CUI,NULL,R28750160,NULL,MTH,MTH,NULL,NULL,N,NULL
C0027051,NULL,CUI,RN,C0155662,NULL,CUI,NULL,R28750162,NULL,MTH,MTH,NULL,NULL,N,NULL
C0027051,NULL,CUI,RN,C0155664,NULL,CUI,NULL,R28750164,NULL,MTH,MTH,NULL,NULL,N,NULL
C0027051,NULL,CUI,RN,C0155665,NULL,CUI,NULL,R28750166,NULL,MTH,MTH,NULL,NULL,N,NULL
C0027051,NULL,CUI,RO,C0036980,NULL,CUI,NULL,R28750168,NULL,MTH,MTH,NULL,NULL,N,NULL
C0027051,NULL,CUI,RN,C0155627,NULL,CUI,NULL,R28750170,NULL,MTH,MTH,NULL,NULL,N,NULL
C0027051,NULL,CUI,RN,C0281915,NULL,CUI,NULL,R28750174,NULL,MTH,MTH,NULL,NULL,N,NULL
C0027051,NULL,CUI,RN,C0264706,NULL,CUI,NULL,R44193028,NULL,MTH,MTH,NULL,NULL,N,NULL
C0027051,NULL,CUI,RN,C0155668,NULL,CUI,NULL,R91970390,NULL,MTH,MTH,NULL,NULL,N,NULL
C0027051,NULL,CUI,RO,C0018813,NULL,CUI,NULL,R91970474,NULL,MTH,MTH,NULL,NULL,N,NULL
C0027051,NULL,CUI,RN,C0542269,NULL,CUI,NULL,R91970494,NULL,MTH,MTH,NULL,NULL,N,NULL
C0027051,NULL,CUI,RO,C0152107,NULL,CUI,NULL,R91970523,NULL,MTH,MTH,NULL,NULL,N,NULL
C0028754,NULL,CUI,RB,C0028715,NULL,CUI,NULL,R02668085,NULL,MTH,MTH,NULL,NULL,N,NULL
C0028754,NULL,CUI,RB,C1457887,NULL,CUI,NULL,R02668086,NULL,MTH,MTH,NULL,NULL,N,NULL
C0028754,NULL,CUI,RN,C0424671,NULL,CUI,NULL,R02869219,NULL,MTH,MTH,NULL,NULL,N,NULL
C0028754,NULL,CUI,RN,C0149974,NULL,CUI,NULL,R02869220,NULL,MTH,MTH,NULL,NULL,N,NULL
C0028754,NULL,CUI,RN,C0241373,NULL,CUI,NULL,R02869221,NULL,MTH,MTH,NULL,NULL,N,NULL
C0028754,NULL,CUI,RN,C0948775,NULL,CUI,NULL,R02869222,NULL,MTH,MTH,NULL,NULL,N,NULL
C0028754,NULL,CUI,RN,C2937224,NULL,CUI,NULL,R02869226,NULL,MTH,MTH,NULL,NULL,N,NULL
C0028754,NULL,CUI,RN,C0596693,NULL,CUI,NULL,R02869227,NULL,MTH,MTH,NULL,NULL,N,NULL
C0028754,NULL,CUI,RO,C0013473,NULL,CUI,NULL,R03063925,NULL,MTH,MTH,NULL,NULL,N,NULL
C0028754,NULL,CUI,RO,C0005910,NULL,CUI,NULL,R03063926,NULL,MTH,MTH,NULL,NULL,N,NULL
C0028754,NULL,CUI,RO,C0012167,NULL,CUI,NULL,R03063928,NULL,MTH,MTH,NULL,NULL,N,NULL
C0028754,NULL,CUI,RO,C0019247,NULL,CUI,NULL,R03063930,NULL,MTH,MTH,NULL,NULL,N,NULL
C0028754,NULL,CUI,RO,C0033931,NULL,CUI,NULL,R03063933,NULL,MTH,MTH,NULL,NULL,N,NULL
C0028754,NULL,CUI,RO,C0037302,NULL,CUI,NULL,R03063934,NULL,MTH,MTH,NULL,NULL,N,NULL
C0028754,NULL,CUI,RO,C0023765,NULL,CUI,NULL,R03063935,NULL,MTH,MTH,NULL,NULL,N,NULL
C0028754,NULL,CUI,RO,C0376607,NULL,CUI,NULL,R03063937,NULL,MTH,MTH,NULL,NULL,N,NULL
C0028754,NULL,CUI,RO,C0240596,NULL,CUI,NULL,R03063938,NULL,MTH,MTH,NULL,NULL,N,NULL
C0028754,NULL,CUI,RO,C0424421,NULL,CUI,NULL,R03063939,NULL,MTH,MTH,NULL,NULL,N,NULL
C0028754,NULL,CUI,RO,C0424612,NULL,CUI,NULL,R03063940,NULL,MTH,MTH,NULL,NULL,N,NULL
C0028754,NULL,CUI,RO,C0694533,NULL,CUI,NULL,R03063941,NULL,MTH,MTH,NULL,NULL,N,NULL
C0028754,NULL,CUI,RO,C0920298,NULL,CUI,NULL,R03063942,NULL,MTH,MTH,NULL,NULL,N,NULL
C0028754,NULL,CUI,RO,C0003620,NULL,CUI,NULL,R03063944,NULL,MTH,MTH,NULL,NULL,N,NULL
C0028754,NULL,CUI,RO,C0003621,NULL,CUI,NULL,R03063945,NULL,MTH,MTH,NULL,NULL,N,NULL
C0028754,NULL,CUI,RO,C0240597,NULL,CUI,NULL,R03063946,NULL,MTH,MTH,NULL,NULL,N,NULL
C0028754,NULL,CUI,RO,C0299583,NULL,CUI,NULL,R03063947,NULL,MTH,MTH,NULL,NULL,N,NULL
C0028754,NULL,CUI,RO,C0232461,NULL,CUI,NULL,R03063951,NULL,MTH,MTH,NULL,NULL,N,NULL
C0028754,A0093895,CUI,RQ,C0028754,A0439957,AUI,clinically_similar,R03689216,NULL,RAM,RAM,NULL,NULL,N,NULL
C0028754,NULL,CUI,RN,C0451819,NULL,CUI,NULL,R131096863,NULL,MTH,MTH,NULL,NULL,N,NULL
C0028754,NULL,CUI,RN,C0028756,NULL,CUI,NULL,R131096874,NULL,MTH,MTH,NULL,NULL,N,NULL
C0028754,NULL,CUI,RB,C0578026,NULL,CUI,NULL,R143179124,NULL,MTH,MTH,NULL,NULL,N,NULL
C0028754,NULL,CUI,RO,C0020505,NULL,CUI,NULL,R162930146,NULL,MTH,MTH,NULL,NULL,N,NULL
C0028754,NULL,CUI,RO,C0150405,NULL,CUI,NULL,R19363670,NULL,MTH,MTH,NULL,NULL,N,NULL
C0028754,NULL,CUI,RO,C0162429,NULL,CUI,NULL,R19371229,NULL,MTH,MTH,NULL,NULL,N,NULL
C0028754,NULL,CUI,RO,C0497406,NULL,CUI,NULL,R19382960,NULL,MTH,MTH,NULL,NULL,N,NULL
C0028754,NULL,CUI,RN,C0154270,NULL,CUI,NULL,R28741262,NULL,MTH,MTH,NULL,NULL,N,NULL
C0028754,NULL,CUI,RO,C0014130,NULL,CUI,NULL,R28763528,NULL,MTH,MTH,NULL,NULL,N,NULL
C0028754,NULL,CUI,RO,C4024583,NULL,CUI,NULL,R31915363,NULL,MTH,MTH,NULL,NULL,N,NULL
C0028754,NULL,CUI,RO,C0012155,NULL,CUI,NULL,R42059432,NULL,MTH,MTH,NULL,NULL,N,NULL
C0028754,NULL,CUI,RO,C1563743,NULL,CUI,NULL,R53080764,NULL,MTH,MTH,NULL,NULL,N,NULL
C0028754,NULL,CUI,RO,C0043094,NULL,CUI,NULL,R54629669,NULL,MTH,MTH,NULL,NULL,N,NULL
C0028754,NULL,CUI,RN,C1719565,NULL,CUI,NULL,R71417126,NULL,MTH,MTH,NULL,NULL,N,NULL
C0028754,NULL,CUI,RO,C1963185,NULL,CUI,NULL,R72216768,NULL,MTH,MTH,NULL,NULL,N,NULL
C0028754,NULL,CUI,RO,C2364333,NULL,CUI,NULL,R96766282,NULL,MTH,MTH,NULL,NULL,N,NULL
C0038454,A0001941,CUI,RQ,C0518974,A0886355,AUI,clinically_similar,R03689404,NULL,RAM,RAM,NULL,NULL,N,NULL
C0038454,NULL,CUI,RN,C0751956,NULL,CUI,NULL,R117775303,NULL,MTH,MTH,NULL,NULL,N,NULL
C0038454,NULL,CUI,RN,C0679443,NULL,CUI,NULL,R33666139,NULL,MTH,MTH,NULL,NULL,N,NULL
C0038454,NULL,CUI,RN,C0149878,NULL,CUI,NULL,R33666141,NULL,MTH,MTH,NULL,NULL,N,NULL
C0038454,NULL,CUI,RO,C0009421,NULL,CUI,NULL,R33666143,NULL,MTH,MTH,NULL,NULL,N,NULL
C0038454,NULL,CUI,RO,C0018946,NULL,CUI,NULL,R33666145,NULL,MTH,MTH,NULL,NULL,N,NULL
C0038454,NULL,CUI,RO,C0036572,NULL,CUI,NULL,R33666147,NULL,MTH,MTH,NULL,NULL,N,NULL
C0038454,NULL,CUI,RO,C2937358,NULL,CUI,NULL,R33666152,NULL,MTH,MTH,NULL,NULL,N,NULL
C0038454,NULL,CUI,RN,C0241799,NULL,CUI,NULL,R33666160,NULL,MTH,MTH,NULL,NULL,N,NULL
C0038454,NULL,CUI,RB,C0027765,NULL,CUI,NULL,R33666162,NULL,MTH,MTH,NULL,NULL,N,NULL
C0038454,NULL,CUI,RO,C0151699,NULL,CUI,NULL,R33666166,NULL,MTH,MTH,NULL,NULL,N,NULL
C0038454,NULL,CUI,RB,C0006111,NULL,CUI,NULL,R33666170,NULL,MTH,MTH,NULL,NULL,N,NULL
C0038454,NULL,CUI,RB,C0007820,NULL,CUI,NULL,R33666172,NULL,MTH,MTH,NULL,NULL,N,NULL
C0038454,NULL,CUI,RB,C0728936,NULL,CUI,NULL,R33666174,NULL,MTH,MTH,NULL,NULL,N,NULL
C0038454,NULL,CUI,RO,C0242083,NULL,CUI,NULL,R33666178,NULL,MTH,MTH,NULL,NULL,N,NULL
C0038454,NULL,CUI,RO,C0877854,NULL,CUI,NULL,R33666180,NULL,MTH,MTH,NULL,NULL,N,NULL
C0038454,NULL,CUI,RO,C0007786,NULL,CUI,NULL,R33666182,NULL,MTH,MTH,NULL,NULL,N,NULL
C0038454,NULL,CUI,RN,C0242084,NULL,CUI,NULL,R33666186,NULL,MTH,MTH,NULL,NULL,N,NULL
C0038454,NULL,CUI,RO,C0553692,NULL,CUI,NULL,R33666188,NULL,MTH,MTH,NULL,NULL,N,NULL
C0038454,NULL,CUI,RN,C0281994,NULL,CUI,NULL,R33666190,NULL,MTH,MTH,NULL,NULL,N,NULL
C0038454,NULL,CUI,RO,C0019080,NULL,CUI,NULL,R38372230,NULL,MTH,MTH,NULL,NULL,N,NULL
C0038454,NULL,CUI,RN,C1540600,NULL,CUI,NULL,R44017188,NULL,MTH,MTH,NULL,NULL,N,NULL
C0038454,NULL,CUI,RO,C0007785,NULL,CUI,NULL,R44716051,NULL,MTH,MTH,NULL,NULL,N,NULL
C0038454,NULL,CUI,RO,C0948008,NULL,CUI,NULL,R48542621,NULL,MTH,MTH,NULL,NULL,N,NULL
C0038454,NULL,CUI,RO,C0001365,NULL,CUI,NULL,R71665321,NULL,MTH,MTH,NULL,NULL,N,NULL
C0038454,NULL,CUI,RO,C1263853,NULL,CUI,NULL,R91960690,NULL,MTH,MTH,NULL,NULL,N,NULL
C0038454,NULL,CUI,RB,C0042373,NULL,CUI,NULL,R91969240,NULL,MTH,MTH,NULL,NULL,N,NULL
C0041296,NULL,CUI,RN,C0085388,NULL,CUI,NULL,R111735269,NULL,MTH,MTH,NULL,NULL,N,NULL
C0041296,NULL,CUI,RO,C2910575,NULL,CUI,NULL,R121653649,NULL,MTH,MTH,NULL,NULL,N,NULL
C0041296,NULL,CUI,RN,C1609538,NULL,CUI,NULL,R154234764,NULL,MTH,MTH,NULL,NULL,N,NULL
C0041296,NULL,CUI,RN,C0151332,NULL,CUI,NULL,R169762540,NULL,MTH,MTH,NULL,NULL,N,NULL
C0041296,NULL,CUI,RN,C0041309,NULL,CUI,NULL,R20792280,NULL,MTH,MTH,NULL,NULL,N,NULL
C0041296,NULL,CUI,RN,C0275962,NULL,CUI,NULL,R20792286,NULL,MTH,MTH,NULL,NULL,N,NULL
C0041296,NULL,CUI,RO,C0150885,NULL,CUI,NULL,R20792290,NULL,MTH,MTH,NULL,NULL,N,NULL
C0041296,NULL,CUI,RO,C0153329,NULL,CUI,NULL,R20792294,NULL,MTH,MTH,NULL,NULL,N,NULL
C0041296,NULL,CUI,RB,C0035243,NULL,CUI,NULL,R20792296,NULL,MTH,MTH,NULL,NULL,N,NULL
C0041296,NULL,CUI,RB,C0009450,NULL,CUI,NULL,R20792302,NULL,MTH,MTH,NULL,NULL,N,NULL
C0041296,NULL,CUI,RB,C0001255,NULL,CUI,NULL,R20792304,NULL,MTH,MTH,NULL,NULL,N,NULL
C0041296,NULL,CUI,RN,C0152737,NULL,CUI,NULL,R20792306,NULL,MTH,MTH,NULL,NULL,N,NULL
C0041296,NULL,CUI,RN,C0152744,NULL,CUI,NULL,R20792308,NULL,MTH,MTH,NULL,NULL,N,NULL
C0041296,NULL,CUI,RN,C0152765,NULL,CUI,NULL,R20792310,NULL,MTH,MTH,NULL,NULL,N,NULL
C0041296,NULL,CUI,RN,C0275956,NULL,CUI,NULL,R20792312,NULL,MTH,MTH,NULL,NULL,N,NULL
C0041296,NULL,CUI,RN,C0347900,NULL,CUI,NULL,R20792314,NULL,MTH,MTH,NULL,NULL,N,NULL
C0041296,NULL,CUI,RN,C0152752,NULL,CUI,NULL,R20792316,NULL,MTH,MTH,NULL,NULL,N,NULL
C0041296,NULL,CUI,RN,C0152753,NULL,CUI,NULL,R20792318,NULL,MTH,MTH,NULL,NULL,N,NULL
C0041296,NULL,CUI,RN,C0152757,NULL,CUI,NULL,R20792320,NULL,MTH,MTH,NULL,NULL,N,NULL
C0041296,NULL,CUI,RN,C0152766,NULL,CUI,NULL,R20792322,NULL,MTH,MTH,NULL,NULL,N,NULL
C0041296,NULL,CUI,RN,C0152767,NULL,CUI,NULL,R20792324,NULL,MTH,MTH,NULL,NULL,N,NULL
C0041296,NULL,CUI,RN,C0152768,NULL,CUI,NULL,R20792326,NULL,MTH,MTH,NULL,NULL,N,NULL
C0041296,NULL,CUI,RN,C0152769,NULL,CUI,NULL,R20792328,NULL,MTH,MTH,NULL,NULL,N,NULL
C0041296,NULL,CUI,RN,C0152770,NULL,CUI,NULL,R20792330,NULL,MTH,MTH,NULL,NULL,N,NULL
C0041296,NULL,CUI,RN,C0152771,NULL,CUI,NULL,R20792332,NULL,MTH,MTH,NULL,NULL,N,NULL
C0041296,NULL,CUI,RN,C0152773,NULL,CUI,NULL,R20792334,NULL,MTH,MTH,NULL,NULL,N,NULL
C0041296,NULL,CUI,RN,C0152774,NULL,CUI,NULL,R20792336,NULL,MTH,MTH,NULL,NULL,N,NULL
C0041296,NULL,CUI,RN,C0152778,NULL,CUI,NULL,R20792338,NULL,MTH,MTH,NULL,NULL,N,NULL
C0041296,NULL,CUI,RN,C0152780,NULL,CUI,NULL,R20792340,NULL,MTH,MTH,NULL,NULL,N,NULL
C0041296,NULL,CUI,RN,C0152781,NULL,CUI,NULL,R20792342,NULL,MTH,MTH,NULL,NULL,N,NULL
C0041296,NULL,CUI,RN,C0152785,NULL,CUI,NULL,R20792344,NULL,MTH,MTH,NULL,NULL,N,NULL
C0041296,NULL,CUI,RN,C0152772,NULL,CUI,NULL,R20792346,NULL,MTH,MTH,NULL,NULL,N,NULL
C0041296,NULL,CUI,RO,C0392905,NULL,CUI,NULL,R20792350,NULL,MTH,MTH,NULL,NULL,N,NULL
C0041296,NULL,CUI,RO,C0005953,NULL,CUI,NULL,R20792352,NULL,MTH,MTH,NULL,NULL,N,NULL
C0041296,NULL,CUI,RO,C0343139,NULL,CUI,NULL,R20792356,NULL,MTH,MTH,NULL,NULL,N,NULL
C0041296,NULL,CUI,RO,C0153333,NULL,CUI,NULL,R20792358,NULL,MTH,MTH,NULL,NULL,N,NULL
C0041296,NULL,CUI,RN,C0151875,NULL,CUI,NULL,R20792362,NULL,MTH,MTH,NULL,NULL,N,NULL
C0041296,NULL,CUI,RN,C0151876,NULL,CUI,NULL,R20792364,NULL,MTH,MTH,NULL,NULL,N,NULL
C0041296,NULL,CUI,RN,C0151960,NULL,CUI,NULL,R20792366,NULL,MTH,MTH,NULL,NULL,N,NULL
C0041296,NULL,CUI,RN,C0151961,NULL,CUI,NULL,R20792368,NULL,MTH,MTH,NULL,NULL,N,NULL
C0041296,NULL,CUI,RN,C0152545,NULL,CUI,NULL,R20792374,NULL,MTH,MTH,NULL,NULL,N,NULL
C0041296,NULL,CUI,RN,C3203357,NULL,CUI,NULL,R20792378,NULL,MTH,MTH,NULL,NULL,N,NULL
C0041296,NULL,CUI,RN,C0022415,NULL,CUI,NULL,R20792380,NULL,MTH,MTH,NULL,NULL,N,NULL
C0041296,NULL,CUI,RN,C1533626,NULL,CUI,NULL,R20792382,NULL,MTH,MTH,NULL,NULL,N,NULL
C0041296,NULL,CUI,RN,C0152546,NULL,CUI,NULL,R20792398,NULL,MTH,MTH,NULL,NULL,N,NULL
C0041296,NULL,CUI,RN,C0152547,NULL,CUI,NULL,R20792400,NULL,MTH,MTH,NULL,NULL,N,NULL
C0041296,NULL,CUI,RN,C0156794,NULL,CUI,NULL,R20792420,NULL,MTH,MTH,NULL,NULL,N,NULL
C0041296,NULL,CUI,RN,C0374946,NULL,CUI,NULL,R20792422,NULL,MTH,MTH,NULL,NULL,N,NULL
C0041296,NULL,CUI,RN,C0152527,NULL,CUI,NULL,R20792426,NULL,MTH,MTH,NULL,NULL,N,NULL
C0041296,NULL,CUI,RN,C0152538,NULL,CUI,NULL,R20792428,NULL,MTH,MTH,NULL,NULL,N,NULL
C0041296,NULL,CUI,RN,C0152539,NULL,CUI,NULL,R20792430,NULL,MTH,MTH,NULL,NULL,N,NULL
C0041296,NULL,CUI,RN,C0152541,NULL,CUI,NULL,R20792432,NULL,MTH,MTH,NULL,NULL,N,NULL
C0041296,NULL,CUI,RN,C0152548,NULL,CUI,NULL,R20792434,NULL,MTH,MTH,NULL,NULL,N,NULL
C0041296,NULL,CUI,RN,C0152911,NULL,CUI,NULL,R20792436,NULL,MTH,MTH,NULL,NULL,N,NULL
C0041296,NULL,CUI,RN,C0156795,NULL,CUI,NULL,R20792438,NULL,MTH,MTH,NULL,NULL,N,NULL
C0041296,NULL,CUI,RN,C0156796,NULL,CUI,NULL,R20792440,NULL,MTH,MTH,NULL,NULL,N,NULL
C0041296,NULL,CUI,RN,C0156797,NULL,CUI,NULL,R20792442,NULL,MTH,MTH,NULL,NULL,N,NULL
C0041296,NULL,CUI,RN,C0156798,NULL,CUI,NULL,R20792444,NULL,MTH,MTH,NULL,NULL,N,NULL
C0041296,NULL,CUI,RN,C0152524,NULL,CUI,NULL,R20792446,NULL,MTH,MTH,NULL,NULL,N,NULL
C0041296,NULL,CUI,RO,C0333398,NULL,CUI,NULL,R20792448,NULL,MTH,MTH,NULL,NULL,N,NULL
C0041296,NULL,CUI,RN,C0152915,NULL,CUI,NULL,R20792452,NULL,MTH,MTH,NULL,NULL,N,NULL
C0041296,NULL,CUI,RN,C1112517,NULL,CUI,NULL,R20792454,NULL,MTH,MTH,NULL,NULL,N,NULL
C0041296,A0129252,CUI,RQ,C0750789,A0954242,AUI,clinically_similar,R22662725,NULL,RAM,RAM,NULL,NULL,N,NULL
C0041296,A0129252,CUI,RQ,C0519027,A0963586,AUI,clinically_similar,R22662726,NULL,RAM,RAM,NULL,NULL,N,NULL
C0041296,A0129252,CUI,RQ,C0041328,A1061452,AUI,clinically_similar,R22662727,NULL,RAM,RAM,NULL,NULL,N,NULL
C0041296,A0129252,CUI,RQ,C0519095,A1100122,AUI,clinically_similar,R22662728,NULL,RAM,RAM,NULL,NULL,N,NULL
C0041296,A0129252,CUI,RQ,C0041316,A1100126,AUI,clinically_similar,R22662729,NULL,RAM,RAM,NULL,NULL,N,NULL
C0041296,A0129252,CUI,RQ,C0041318,A1100127,AUI,clinically_similar,R22662730,NULL,RAM,RAM,NULL,NULL,N,NULL
C0041296,A0129252,CUI,RQ,C0031049,A1100128,AUI,clinically_similar,R22662731,NULL,RAM,RAM,NULL,NULL,N,NULL
C0041296,A0129252,CUI,RQ,C0041325,A1100129,AUI,clinically_similar,R22662732,NULL,RAM,RAM,NULL,NULL,N,NULL
C0041296,A0129252,CUI,RQ,C0041326,A1100130,AUI,clinically_similar,R22662733,NULL,RAM,RAM,NULL,NULL,N,NULL
C0041296,A0129252,CUI,RQ,C0041330,A1100131,AUI,clinically_similar,R22662734,NULL,RAM,RAM,NULL,NULL,N,NULL
C0041296,NULL,CUI,RN,C0041324,NULL,CUI,NULL,R22892094,NULL,MTH,MTH,NULL,NULL,N,NULL
C0041296,NULL,CUI,RB,C0026918,NULL,CUI,NULL,R25614727,NULL,MTH,MTH,NULL,NULL,N,NULL
C0041296,NULL,CUI,RN,C0024131,NULL,CUI,NULL,R25618367,NULL,MTH,MTH,NULL,NULL,N,NULL
C0041296,NULL,CUI,RN,C0152889,NULL,CUI,NULL,R25618369,NULL,MTH,MTH,NULL,NULL,N,NULL
C0041296,NULL,CUI,RN,C0679362,NULL,CUI,NULL,R25618370,NULL,MTH,MTH,NULL,NULL,N,NULL
C0041296,NULL,CUI,RN,C0153331,NULL,CUI,NULL,R25618371,NULL,MTH,MTH,NULL,NULL,N,NULL
C0041296,NULL,CUI,RN,C0153334,NULL,CUI,NULL,R25618372,NULL,MTH,MTH,NULL,NULL,N,NULL
C0041296,NULL,CUI,RN,C0519027,NULL,CUI,NULL,R25618374,NULL,MTH,MTH,NULL,NULL,N,NULL
C0041296,NULL,CUI,RN,C0152724,NULL,CUI,NULL,R25618376,NULL,MTH,MTH,NULL,NULL,N,NULL
C0041296,NULL,CUI,RN,C2607948,NULL,CUI,NULL,R25618377,NULL,MTH,MTH,NULL,NULL,N,NULL
C0041296,NULL,CUI,RN,C0152874,NULL,CUI,NULL,R25618378,NULL,MTH,MTH,NULL,NULL,N,NULL
C0041296,NULL,CUI,RN,C0152881,NULL,CUI,NULL,R25618379,NULL,MTH,MTH,NULL,NULL,N,NULL
C0041296,NULL,CUI,RN,C0152902,NULL,CUI,NULL,R25618380,NULL,MTH,MTH,NULL,NULL,N,NULL
C0041296,NULL,CUI,RN,C0152703,NULL,CUI,NULL,R25618381,NULL,MTH,MTH,NULL,NULL,N,NULL
C0041296,NULL,CUI,RN,C0041332,NULL,CUI,NULL,R25618382,NULL,MTH,MTH,NULL,NULL,N,NULL
C0041296,NULL,CUI,RN,C0041300,NULL,CUI,NULL,R25618383,NULL,MTH,MTH,NULL,NULL,N,NULL
C0041296,NULL,CUI,RN,C0152620,NULL,CUI,NULL,R25618384,NULL,MTH,MTH,NULL,NULL,N,NULL
C0041296,NULL,CUI,RN,C0152634,NULL,CUI,NULL,R25618385,NULL,MTH,MTH,NULL,NULL,N,NULL
C0041296,NULL,CUI,RN,C0152647,NULL,CUI,NULL,R25618386,NULL,MTH,MTH,NULL,NULL,N,NULL
C0041296,NULL,CUI,RN,C0152696,NULL,CUI,NULL,R25618387,NULL,MTH,MTH,NULL,NULL,N,NULL
C0041296,NULL,CUI,RN,C0152648,NULL,CUI,NULL,R25618389,NULL,MTH,MTH,NULL,NULL,N,NULL
C0041296,NULL,CUI,RN,C0152649,NULL,CUI,NULL,R25618390,NULL,MTH,MTH,NULL,NULL,N,NULL
C0041296,NULL,CUI,RN,C0152653,NULL,CUI,NULL,R25618391,NULL,MTH,MTH,NULL,NULL,N,NULL
C0041296,NULL,CUI,RN,C0152909,NULL,CUI,NULL,R25618392,NULL,MTH,MTH,NULL,NULL,N,NULL
C0041296,NULL,CUI,RN,C0152910,NULL,CUI,NULL,R25618393,NULL,MTH,MTH,NULL,NULL,N,NULL
C0041296,NULL,CUI,RN,C0152914,NULL,CUI,NULL,R25618394,NULL,MTH,MTH,NULL,NULL,N,NULL
C0041296,NULL,CUI,RN,C0343413,NULL,CUI,NULL,R25618395,NULL,MTH,MTH,NULL,NULL,N,NULL
C0041296,NULL,CUI,RN,C0275904,NULL,CUI,NULL,R25618397,NULL,MTH,MTH,NULL,NULL,N,NULL
C0041296,NULL,CUI,RN,C0276532,NULL,CUI,NULL,R25618398,NULL,MTH,MTH,NULL,NULL,N,NULL
C0041296,NULL,CUI,RO,C0026857,NULL,CUI,NULL,R25622931,NULL,MTH,MTH,NULL,NULL,N,NULL
C0041296,NULL,CUI,RO,C0026913,NULL,CUI,NULL,R25622932,NULL,MTH,MTH,NULL,NULL,N,NULL
C0041296,NULL,CUI,RO,C0026917,NULL,CUI,NULL,R25622933,NULL,MTH,MTH,NULL,NULL,N,NULL
C0041296,NULL,CUI,RO,C0026926,NULL,CUI,NULL,R25622934,NULL,MTH,MTH,NULL,NULL,N,NULL
C0041296,NULL,CUI,RO,C0037253,NULL,CUI,NULL,R25622935,NULL,MTH,MTH,NULL,NULL,N,NULL
C0041296,NULL,CUI,RO,C0037274,NULL,CUI,NULL,R25622936,NULL,MTH,MTH,NULL,NULL,N,NULL
C0041296,NULL,CUI,RO,C0041290,NULL,CUI,NULL,R25622937,NULL,MTH,MTH,NULL,NULL,N,NULL
C0041296,NULL,CUI,RO,C0678200,NULL,CUI,NULL,R25622938,NULL,MTH,MTH,NULL,NULL,N,NULL
C0041296,NULL,CUI,RO,C0696216,NULL,CUI,NULL,R25622939,NULL,MTH,MTH,NULL,NULL,N,NULL
C0041296,NULL,CUI,RO,C0229619,NULL,CUI,NULL,R25622940,NULL,MTH,MTH,NULL,NULL,N,NULL
C0041296,NULL,CUI,RO,C0027765,NULL,CUI,NULL,R25622941,NULL,MTH,MTH,NULL,NULL,N,NULL
C0041296,NULL,CUI,RO,C0486278,NULL,CUI,NULL,R25622942,NULL,MTH,MTH,NULL,NULL,N,NULL
C0041296,NULL,CUI,RO,C0264070,NULL,CUI,NULL,R25622943,NULL,MTH,MTH,NULL,NULL,N,NULL
C0041296,NULL,CUI,RO,C0260341,NULL,CUI,NULL,R25622944,NULL,MTH,MTH,NULL,NULL,N,NULL
C0041296,NULL,CUI,RO,C0220811,NULL,CUI,NULL,R25622945,NULL,MTH,MTH,NULL,NULL,N,NULL
C0041296,NULL,CUI,RO,C0405580,NULL,CUI,NULL,R25622946,NULL,MTH,MTH,NULL,NULL,N,NULL
C0041296,NULL,CUI,RO,C0157790,NULL,CUI,NULL,R25622947,NULL,MTH,MTH,NULL,NULL,N,NULL
C0041296,NULL,CUI,RO,C0483226,NULL,CUI,NULL,R25622950,NULL,MTH,MTH,NULL,NULL,N,NULL
C0041296,NULL,CUI,RO,C0549469,NULL,CUI,NULL,R25622951,NULL,MTH,MTH,NULL,NULL,N,NULL
C0041296,NULL,CUI,RO,C0001623,NULL,CUI,NULL,R25622954,NULL,MTH,MTH,NULL,NULL,N,NULL
C0041296,NULL,CUI,RN,C0275887,NULL,CUI,NULL,R28725607,NULL,MTH,MTH,NULL,NULL,N,NULL
C0041296,NULL,CUI,RO,C0005956,NULL,CUI,NULL,R28742935,NULL,MTH,MTH,NULL,NULL,N,NULL
C0041296,NULL,CUI,RO,C0001403,NULL,CUI,NULL,R31836109,NULL,MTH,MTH,NULL,NULL,N,NULL
C0041296,NULL,CUI,RN,C0041301,NULL,CUI,NULL,R31915037,NULL,MTH,MTH,NULL,NULL,N,NULL
C0041296,NULL,CUI,RO,C0026912,NULL,CUI,NULL,R33800532,NULL,MTH,MTH,NULL,NULL,N,NULL
C0041296,NULL,CUI,RN,C0041327,NULL,CUI,NULL,R38371367,NULL,MTH,MTH,NULL,NULL,N,NULL
C0041296,NULL,CUI,RO,C0003448,NULL,CUI,NULL,R45588666,NULL,MTH,MTH,NULL,NULL,N,NULL
C0041296,NULL,CUI,RO,C0026860,NULL,CUI,NULL,R58620681,NULL,MTH,MTH,NULL,NULL,N,NULL
C0041296,NULL,CUI,RO,C0521346,NULL,CUI,NULL,R91983503,NULL,MTH,MTH,NULL,NULL,N,NULL
C0041296,NULL,CUI,RN,C0546992,NULL,CUI,NULL,R92278150,NULL,MTH,MTH,NULL,NULL,N,NULL
C0178316,NULL,CUI,RB,C0016658,NULL,CUI,NULL,R02786463,NULL,MTH,MTH,NULL,NULL,N,NULL
C0178316,NULL,CUI,RN,C0281849,NULL,CUI,NULL,R02973185,NULL,MTH,MTH,NULL,NULL,N,NULL
C0178316,NULL,CUI,RO,C0281850,NULL,CUI,NULL,R03285090,NULL,MTH,MTH,NULL,NULL,N,NULL
C0178316,NULL,CUI,RO,C0159804,NULL,CUI,NULL,R03285091,NULL,MTH,MTH,NULL,NULL,N,NULL
C0178316,NULL,CUI,RO,C0026860,NULL,CUI,NULL,R58620542,NULL,MTH,MTH,NULL,NULL,N,NULL
C0235974,NULL,CUI,RO,C2984259,NULL,CUI,NULL,R125059982,NULL,MTH,MTH,NULL,NULL,N,NULL
C0235974,NULL,CUI,RO,C0346647,NULL,CUI,NULL,R126031959,NULL,MTH,MTH,NULL,NULL,N,NULL
C0235974,NULL,CUI,RN,C0281361,NULL,CUI,NULL,R40026433,NULL,MTH,MTH,NULL,NULL,N,NULL
C0235974,NULL,CUI,RO,C0153459,NULL,CUI,NULL,R40026435,NULL,MTH,MTH,NULL,NULL,N,NULL
C0235974,NULL,CUI,RO,C0153460,NULL,CUI,NULL,R40026437,NULL,MTH,MTH,NULL,NULL,N,NULL
C0235974,NULL,CUI,RO,C0153458,NULL,CUI,NULL,R40026439,NULL,MTH,MTH,NULL,NULL,N,NULL
C0235974,NULL,CUI,RO,C0153463,NULL,CUI,NULL,R40026443,NULL,MTH,MTH,NULL,NULL,N,NULL
C0235974,NULL,CUI,RO,C0153461,NULL,CUI,NULL,R40026445,NULL,MTH,MTH,NULL,NULL,N,NULL
C0235974,NULL,CUI,RB,C0030297,NULL,CUI,NULL,R40026452,NULL,MTH,MTH,NULL,NULL,N,NULL
C0261435,NULL,CUI,RB,C0261495,NULL,CUI,NULL,R02793927,NULL,MTH,MTH,NULL,NULL,N,NULL
C0261435,NULL,CUI,RN,C0261429,NULL,CUI,NULL,R02977463,NULL,MTH,MTH,NULL,NULL,N,NULL
C0261435,NULL,CUI,RN,C0261430,NULL,CUI,NULL,R02977464,NULL,MTH,MTH,NULL,NULL,N,NULL
C0261435,NULL,CUI,RN,C0261427,NULL,CUI,NULL,R02977465,NULL,MTH,MTH,NULL,NULL,N,NULL
C0261435,NULL,CUI,RN,C0261426,NULL,CUI,NULL,R02977466,NULL,MTH,MTH,NULL,NULL,N,NULL
C0261435,NULL,CUI,RN,C0261431,NULL,CUI,NULL,R02977467,NULL,MTH,MTH,NULL,NULL,N,NULL
C0261435,NULL,CUI,RN,C0261422,NULL,CUI,NULL,R02977468,NULL,MTH,MTH,NULL,NULL,N,NULL
C0261435,NULL,CUI,RN,C0261428,NULL,CUI,NULL,R02977469,NULL,MTH,MTH,NULL,NULL,N,NULL
C0261435,NULL,CUI,RN,C0261432,NULL,CUI,NULL,R02977470,NULL,MTH,MTH,NULL,NULL,N,NULL
C0261435,NULL,CUI,RN,C0261434,NULL,CUI,NULL,R02977472,NULL,MTH,MTH,NULL,NULL,N,NULL
C0261435,NULL,CUI,RO,C0416576,NULL,CUI,NULL,R25624583,NULL,MTH,MTH,NULL,NULL,N,NULL
C0261435,NULL,CUI,RN,C1384500,NULL,CUI,NULL,R44227995,NULL,MTH,MTH,NULL,NULL,N,NULL
C0424605,NULL,CUI,RN,C0023014,NULL,CUI,NULL,R02983240,NULL,MTH,MTH,NULL,NULL,N,NULL
C0424605,NULL,CUI,RN,C0154631,NULL,CUI,NULL,R02983245,NULL,MTH,MTH,NULL,NULL,N,NULL
C0424605,NULL,CUI,RN,C0154633,NULL,CUI,NULL,R02983246,NULL,MTH,MTH,NULL,NULL,N,NULL
C0424605,NULL,CUI,RN,C0154634,NULL,CUI,NULL,R02983247,NULL,MTH,MTH,NULL,NULL,N,NULL
C0424605,NULL,CUI,RN,C0154635,NULL,CUI,NULL,R02983248,NULL,MTH,MTH,NULL,NULL,N,NULL
C0424605,NULL,CUI,RO,C0008073,NULL,CUI,NULL,R03318532,NULL,MTH,MTH,NULL,NULL,N,NULL
C0424605,NULL,CUI,RO,C0023186,NULL,CUI,NULL,R03318533,NULL,MTH,MTH,NULL,NULL,N,NULL
C0424605,NULL,CUI,RO,C0869474,NULL,CUI,NULL,R03318537,NULL,MTH,MTH,NULL,NULL,N,NULL
C0424605,NULL,CUI,RO,C0011757,NULL,CUI,NULL,R03318538,NULL,MTH,MTH,NULL,NULL,N,NULL
C0424605,NULL,CUI,RO,C1411876,NULL,CUI,NULL,R103691868,NULL,MTH,MTH,NULL,NULL,N,NULL
C0424605,NULL,CUI,RO,C0338982,NULL,CUI,NULL,R134158178,NULL,MTH,MTH,NULL,NULL,N,NULL
C0424605,NULL,CUI,RO,C0557874,NULL,CUI,NULL,R156635843,NULL,MTH,MTH,NULL,NULL,N,NULL
C0424605,NULL,CUI,RO,C0003910,NULL,CUI,NULL,R162108751,NULL,MTH,MTH,NULL,NULL,N,NULL
C0424605,NULL,CUI,RN,C0476254,NULL,CUI,NULL,R25619123,NULL,MTH,MTH,NULL,NULL,N,NULL
C0424605,NULL,CUI,RO,C0025362,NULL,CUI,NULL,R28771128,NULL,MTH,MTH,NULL,NULL,N,NULL
C0424605,NULL,CUI,RN,C0026613,NULL,CUI,NULL,R71514186,NULL,MTH,MTH,NULL,NULL,N,NULL
C0424605,NULL,CUI,RN,C0339001,NULL,CUI,NULL,R71514188,NULL,MTH,MTH,NULL,NULL,N,NULL
C0424605,NULL,CUI,RN,C0015544,NULL,CUI,NULL,R71514190,NULL,MTH,MTH,NULL,NULL,N,NULL
C0424605,NULL,CUI,RO,C0751263,NULL,CUI,NULL,R71514192,NULL,MTH,MTH,NULL,NULL,N,NULL
C0424605,NULL,CUI,RN,C0023012,NULL,CUI,NULL,R71514194,NULL,MTH,MTH,NULL,NULL,N,NULL
C0424605,NULL,CUI,RO,C0424230,NULL,CUI,NULL,R71514196,NULL,MTH,MTH,NULL,NULL,N,NULL
C0424605,NULL,CUI,RN,C0037785,NULL,CUI,NULL,R71514200,NULL,MTH,MTH,NULL,NULL,N,NULL
C0424605,NULL,CUI,RO,C0020119,NULL,CUI,NULL,R71514202,NULL,MTH,MTH,NULL,NULL,N,NULL
C0424605,NULL,CUI,RO,C0243107,NULL,CUI,NULL,R71514207,NULL,MTH,MTH,NULL,NULL,N,NULL
C0424605,NULL,CUI,RO,C0678967,NULL,CUI,NULL,R71514209,NULL,MTH,MTH,NULL,NULL,N,NULL
C0424605,NULL,CUI,RB,C0679445,NULL,CUI,NULL,R71514211,NULL,MTH,MTH,NULL,NULL,N,NULL
C0424605,NULL,CUI,RN,C0151686,NULL,CUI,NULL,R71514215,NULL,MTH,MTH,NULL,NULL,N,NULL
C0424605,NULL,CUI,RB,C0236101,NULL,CUI,NULL,R71514217,NULL,MTH,MTH,NULL,NULL,N,NULL
C0424605,NULL,CUI,RN,C0920296,NULL,CUI,NULL,R94727096,NULL,MTH,MTH,NULL,NULL,N,NULL
